+-----+------+------------------+-------------+---------------+--------------+--------------+-----------------+---------------+--------------+
|  ID | Rank |      Origin      | Composition | Enthalpy (eV) | Volume (A^3) | SYMMETRY (N) | Structure order | Average order | Quasientropy |
+-----+------+------------------+-------------+---------------+--------------+--------------+-----------------+---------------+--------------+
| 390 |  0   |     Heredity     |  mol_h2o: 4 |     -0.782    |    81.610    | P1      (1)  |       0.218     |      0.239    |     0.106    |
|  21 |  1   |     RandSym      |  mol_h2o: 4 |     -0.779    |    81.599    | C2      (5)  |       0.286     |      0.303    |     0.060    |
| 402 |  2   |     Heredity     |  mol_h2o: 4 |     -0.778    |    81.631    | P1      (1)  |       0.207     |      0.263    |     0.204    |
|  16 |  3   |     RandSym      |  mol_h2o: 4 |     -0.777    |    81.621    | Ima2    (46) |       0.327     |      0.334    |     0.023    |
| 113 |  4   |     Heredity     |  mol_h2o: 4 |     -0.777    |    81.605    | P1      (1)  |       0.278     |      0.291    |     0.051    |
| 667 |  5   |     RandSym      |  mol_h2o: 4 |     -0.773    |    81.628    | P1      (1)  |       0.226     |      0.239    |     0.062    |
| 741 |  6   |     Heredity     |  mol_h2o: 4 |     -0.771    |    81.590    | P1      (1)  |       0.235     |      0.283    |     0.163    |
| 560 |  7   |     Heredity     |  mol_h2o: 4 |     -0.770    |    81.614    | P1      (1)  |       0.233     |      0.274    |     0.149    |
| 538 |  8   |     RandSym      |  mol_h2o: 4 |     -0.770    |    81.621    | P1      (1)  |       0.290     |      0.317    |     0.097    |
| 676 |  9   |     Heredity     |  mol_h2o: 4 |     -0.769    |    81.590    | Amm2    (38) |       0.250     |      0.279    |     0.105    |
| 510 |  10  | Softmodemutation |  mol_h2o: 4 |     -0.769    |    81.599    | Fmm2    (42) |       0.280     |      0.281    |     0.004    |
| 322 |  11  |     Heredity     |  mol_h2o: 4 |     -0.769    |    81.599    | Fmm2    (42) |       0.306     |      0.320    |     0.055    |
| 354 |  12  |     Heredity     |  mol_h2o: 4 |     -0.768    |    81.606    | P1      (1)  |       0.206     |      0.231    |     0.115    |
| 861 |  13  |     RandSym      |  mol_h2o: 4 |     -0.767    |    81.621    | P1      (1)  |       0.278     |      0.307    |     0.098    |
| 366 |  14  |     Heredity     |  mol_h2o: 4 |     -0.766    |    81.599    | P2_1    (4)  |       0.211     |      0.233    |     0.096    |
| 868 |  15  | Softmodemutation |  mol_h2o: 4 |     -0.766    |    81.577    | P1      (1)  |       0.240     |      0.281    |     0.167    |
| 182 |  16  |     RandSym      |  mol_h2o: 4 |     -0.766    |    81.621    | P1      (1)  |       0.296     |      0.320    |     0.080    |
| 127 |  17  | Softmodemutation |  mol_h2o: 4 |     -0.765    |    81.605    | P1      (1)  |       0.258     |      0.280    |     0.090    |
| 386 |  18  |     Heredity     |  mol_h2o: 4 |     -0.764    |    81.598    | P1      (1)  |       0.185     |      0.234    |     0.201    |
| 874 |  19  |     Heredity     |  mol_h2o: 4 |     -0.764    |    81.596    | P1      (1)  |       0.202     |      0.253    |     0.202    |
| 481 |  20  |     Heredity     |  mol_h2o: 4 |     -0.763    |    81.602    | P1      (1)  |       0.199     |      0.229    |     0.139    |
| 266 |  21  |     Heredity     |  mol_h2o: 4 |     -0.763    |    81.631    | P1      (1)  |       0.209     |      0.247    |     0.166    |
| 801 |  22  | Softmodemutation |  mol_h2o: 4 |     -0.763    |    81.609    | P1      (1)  |       0.197     |      0.248    |     0.191    |
| 442 |  23  | Softmodemutation |  mol_h2o: 4 |     -0.763    |    81.622    | P1      (1)  |       0.205     |      0.243    |     0.161    |
| 421 |  24  |     Heredity     |  mol_h2o: 4 |     -0.763    |    81.622    | P1      (1)  |       0.208     |      0.249    |     0.170    |
| 317 |  25  | Softmodemutation |  mol_h2o: 4 |     -0.763    |    81.597    | P1      (1)  |       0.234     |      0.295    |     0.200    |
| 476 |  26  | Softmodemutation |  mol_h2o: 4 |     -0.762    |    81.599    | C2      (5)  |       0.279     |      0.296    |     0.072    |
| 651 |  27  |     Heredity     |  mol_h2o: 4 |     -0.761    |    81.636    | P1      (1)  |       0.212     |      0.257    |     0.175    |
| 534 |  28  |     RandTop      |  mol_h2o: 4 |     -0.761    |    81.619    | P1      (1)  |       0.191     |      0.232    |     0.181    |
| 435 |  29  |     Heredity     |  mol_h2o: 4 |     -0.761    |    81.625    | P1      (1)  |       0.278     |      0.289    |     0.045    |
| 282 |  30  | Softmodemutation |  mol_h2o: 4 |     -0.761    |    81.631    | P1      (1)  |       0.183     |      0.230    |     0.198    |
| 399 |  31  |     Heredity     |  mol_h2o: 4 |     -0.761    |    81.584    | P1      (1)  |       0.233     |      0.260    |     0.138    |
| 541 |  32  | Softmodemutation |  mol_h2o: 4 |     -0.760    |    81.583    | P1      (1)  |       0.206     |      0.238    |     0.139    |
| 525 |  33  |     Heredity     |  mol_h2o: 4 |     -0.760    |    81.583    | P1      (1)  |       0.208     |      0.240    |     0.138    |
| 449 |  34  |     Heredity     |  mol_h2o: 4 |     -0.760    |    81.595    | P1      (1)  |       0.211     |      0.259    |     0.188    |
| 803 |  35  | Softmodemutation |  mol_h2o: 4 |     -0.759    |    81.609    | P1      (1)  |       0.238     |      0.272    |     0.163    |
| 483 |  36  |     Heredity     |  mol_h2o: 4 |     -0.759    |    81.600    | P1      (1)  |       0.217     |      0.245    |     0.127    |
| 346 |  37  | Softmodemutation |  mol_h2o: 4 |     -0.759    |    81.597    | P1      (1)  |       0.193     |      0.252    |     0.217    |
| 866 |  38  | Softmodemutation |  mol_h2o: 4 |     -0.759    |    81.592    | P1      (1)  |       0.214     |      0.264    |     0.196    |
| 380 |  39  | Softmodemutation |  mol_h2o: 4 |     -0.759    |    81.597    | P1      (1)  |       0.212     |      0.268    |     0.209    |
| 869 |  40  |     Heredity     |  mol_h2o: 4 |     -0.759    |    81.603    | P1      (1)  |       0.204     |      0.243    |     0.166    |
| 846 |  41  |     Heredity     |  mol_h2o: 4 |     -0.759    |    81.577    | Cc      (9)  |       0.250     |      0.272    |     0.086    |
| 856 |  42  |     Heredity     |  mol_h2o: 4 |     -0.759    |    81.592    | P1      (1)  |       0.194     |      0.245    |     0.202    |
| 345 |  43  | Softmodemutation |  mol_h2o: 4 |     -0.759    |    81.597    | P1      (1)  |       0.246     |      0.292    |     0.190    |
| 283 |  44  | Softmodemutation |  mol_h2o: 4 |     -0.759    |    81.629    | P1      (1)  |       0.206     |      0.238    |     0.138    |
| 379 |  45  | Softmodemutation |  mol_h2o: 4 |     -0.759    |    81.597    | P1      (1)  |       0.202     |      0.263    |     0.219    |
| 316 |  46  | Softmodemutation |  mol_h2o: 4 |     -0.759    |    81.597    | P1      (1)  |       0.229     |      0.282    |     0.204    |
|  3  |  47  |     RandTop      |  mol_h2o: 4 |     -0.759    |    81.624    | P1      (1)  |       0.241     |      0.266    |     0.100    |
| 752 |  48  |     Heredity     |  mol_h2o: 4 |     -0.758    |    81.592    | P1      (1)  |       0.230     |      0.276    |     0.176    |
| 411 |  49  | Softmodemutation |  mol_h2o: 4 |     -0.758    |    81.599    | P1      (1)  |       0.253     |      0.292    |     0.155    |
| 388 |  50  |     Heredity     |  mol_h2o: 4 |     -0.758    |    81.613    | P1      (1)  |       0.227     |      0.263    |     0.142    |
| 353 |  51  |     Heredity     |  mol_h2o: 4 |     -0.758    |    81.588    | P1      (1)  |       0.210     |      0.256    |     0.183    |
| 820 |  52  |     Heredity     |  mol_h2o: 4 |     -0.758    |    81.577    | P1      (1)  |       0.199     |      0.235    |     0.162    |
| 393 |  53  |     Heredity     |  mol_h2o: 4 |     -0.758    |    81.587    | P1      (1)  |       0.200     |      0.257    |     0.212    |
| 602 |  54  |     RandSym      |  mol_h2o: 4 |     -0.758    |    81.587    | P1      (1)  |       0.234     |      0.267    |     0.127    |
| 810 |  55  |     Heredity     |  mol_h2o: 4 |     -0.757    |    81.612    | P1      (1)  |       0.267     |      0.281    |     0.087    |
| 619 |  56  |     Heredity     |  mol_h2o: 4 |     -0.757    |    81.594    | Cc      (9)  |       0.221     |      0.236    |     0.075    |
| 595 |  57  |     Heredity     |  mol_h2o: 4 |     -0.757    |    81.581    | P1      (1)  |       0.209     |      0.263    |     0.195    |
| 625 |  58  |     Heredity     |  mol_h2o: 4 |     -0.757    |    81.607    | P1      (1)  |       0.193     |      0.239    |     0.193    |
| 798 |  59  | Softmodemutation |  mol_h2o: 4 |     -0.757    |    81.592    | P1      (1)  |       0.198     |      0.240    |     0.178    |
| 413 |  60  | Softmodemutation |  mol_h2o: 4 |     -0.757    |    81.599    | P1      (1)  |       0.205     |      0.250    |     0.195    |
| 347 |  61  | Softmodemutation |  mol_h2o: 4 |     -0.757    |    81.631    | P1      (1)  |       0.195     |      0.248    |     0.212    |
| 281 |  62  | Softmodemutation |  mol_h2o: 4 |     -0.757    |    81.631    | P1      (1)  |       0.183     |      0.230    |     0.197    |
|  61 |  63  | Softmodemutation |  mol_h2o: 4 |     -0.757    |    81.641    | P1      (1)  |       0.206     |      0.237    |     0.139    |
| 679 |  64  |     Heredity     |  mol_h2o: 4 |     -0.757    |    81.594    | P1      (1)  |       0.188     |      0.238    |     0.201    |
| 743 |  65  |     Heredity     |  mol_h2o: 4 |     -0.757    |    81.603    | P1      (1)  |       0.219     |      0.223    |     0.028    |
| 707 |  66  |     Heredity     |  mol_h2o: 4 |     -0.756    |    81.603    | P1      (1)  |       0.216     |      0.262    |     0.186    |
| 344 |  67  | Softmodemutation |  mol_h2o: 4 |     -0.756    |    81.626    | P1      (1)  |       0.186     |      0.220    |     0.160    |
| 318 |  68  |     Heredity     |  mol_h2o: 4 |     -0.756    |    81.626    | P1      (1)  |       0.184     |      0.227    |     0.185    |
| 637 |  69  | Softmodemutation |  mol_h2o: 4 |     -0.756    |    81.607    | P1      (1)  |       0.188     |      0.234    |     0.196    |
| 511 |  70  | Softmodemutation |  mol_h2o: 4 |     -0.756    |    81.599    | P1      (1)  |       0.240     |      0.281    |     0.169    |
| 626 |  71  |     Heredity     |  mol_h2o: 4 |     -0.755    |    81.623    | P1      (1)  |       0.212     |      0.261    |     0.198    |
| 512 |  72  | Softmodemutation |  mol_h2o: 4 |     -0.755    |    81.600    | P1      (1)  |       0.180     |      0.225    |     0.195    |
| 716 |  73  |     Heredity     |  mol_h2o: 4 |     -0.755    |    81.590    | P1      (1)  |       0.178     |      0.223    |     0.198    |
| 485 |  74  |     Heredity     |  mol_h2o: 4 |     -0.755    |    81.594    | P1      (1)  |       0.236     |      0.276    |     0.152    |
| 738 |  75  | Softmodemutation |  mol_h2o: 4 |     -0.755    |    81.590    | P1      (1)  |       0.189     |      0.242    |     0.217    |
| 797 |  76  | Softmodemutation |  mol_h2o: 4 |     -0.755    |    81.592    | P1      (1)  |       0.179     |      0.229    |     0.207    |
| 262 |  77  |     Heredity     |  mol_h2o: 4 |     -0.755    |    81.634    | Pc      (7)  |       0.210     |      0.245    |     0.146    |
| 121 |  78  |     RandSym      |  mol_h2o: 4 |     -0.755    |    81.625    | C2      (5)  |       0.312     |      0.326    |     0.054    |
|  34 |  79  | Softmodemutation |  mol_h2o: 4 |     -0.754    |    81.616    | P1      (1)  |       0.185     |      0.234    |     0.200    |
| 837 |  80  |     Heredity     |  mol_h2o: 4 |     -0.754    |    81.608    | P1      (1)  |       0.192     |      0.248    |     0.212    |
| 389 |  81  |     Heredity     |  mol_h2o: 4 |     -0.754    |    81.645    | P1      (1)  |       0.185     |      0.242    |     0.222    |
| 533 |  82  |     Heredity     |  mol_h2o: 4 |     -0.754    |    81.600    | P1      (1)  |       0.206     |      0.238    |     0.136    |
| 865 |  83  | Softmodemutation |  mol_h2o: 4 |     -0.754    |    81.592    | P1      (1)  |       0.189     |      0.236    |     0.195    |
| 854 |  84  |     Heredity     |  mol_h2o: 4 |     -0.754    |    81.608    | P1      (1)  |       0.202     |      0.245    |     0.182    |
| 416 |  85  |     Heredity     |  mol_h2o: 4 |     -0.753    |    81.588    | P1      (1)  |       0.176     |      0.218    |     0.185    |
| 579 |  86  |     Heredity     |  mol_h2o: 4 |     -0.753    |    81.616    | P1      (1)  |       0.175     |      0.223    |     0.202    |
| 753 |  87  |     Heredity     |  mol_h2o: 4 |     -0.753    |    81.623    | P1      (1)  |       0.207     |      0.256    |     0.197    |
| 278 |  88  | Softmodemutation |  mol_h2o: 4 |     -0.753    |    81.629    | P1      (1)  |       0.205     |      0.253    |     0.187    |
| 635 |  89  | Softmodemutation |  mol_h2o: 4 |     -0.753    |    81.594    | P1      (1)  |       0.185     |      0.239    |     0.211    |
|  9  |  90  |     RandTop      |  mol_h2o: 4 |     -0.753    |    81.616    | P1      (1)  |       0.187     |      0.235    |     0.196    |
| 550 |  91  |     Heredity     |  mol_h2o: 4 |     -0.752    |    81.618    | P1      (1)  |       0.193     |      0.252    |     0.222    |
| 788 |  92  |     Heredity     |  mol_h2o: 4 |     -0.752    |    81.612    | P1      (1)  |       0.215     |      0.262    |     0.189    |
| 745 |  93  |     Heredity     |  mol_h2o: 4 |     -0.752    |    81.592    | P1      (1)  |       0.213     |      0.251    |     0.170    |
| 830 |  94  | Softmodemutation |  mol_h2o: 4 |     -0.752    |    81.612    | P1      (1)  |       0.185     |      0.234    |     0.201    |
| 125 |  95  | Softmodemutation |  mol_h2o: 4 |     -0.752    |    81.625    | P1      (1)  |       0.237     |      0.286    |     0.186    |
|  25 |  96  |     RandSym      |  mol_h2o: 4 |     -0.751    |    81.621    | P1      (1)  |       0.280     |      0.315    |     0.112    |
| 478 |  97  | Softmodemutation |  mol_h2o: 4 |     -0.751    |    81.597    | P1      (1)  |       0.188     |      0.231    |     0.192    |
| 207 |  98  |     RandTop      |  mol_h2o: 4 |     -0.751    |    81.634    | P1      (1)  |       0.204     |      0.252    |     0.189    |
| 787 |  99  |     Heredity     |  mol_h2o: 4 |     -0.751    |    81.577    | P1      (1)  |       0.206     |      0.252    |     0.192    |
| 677 | 100  |     Heredity     |  mol_h2o: 4 |     -0.750    |    81.609    | P1      (1)  |       0.186     |      0.236    |     0.203    |
| 213 | 101  | Softmodemutation |  mol_h2o: 4 |     -0.750    |    81.598    | P1      (1)  |       0.180     |      0.225    |     0.198    |
| 490 | 102  |     Heredity     |  mol_h2o: 4 |     -0.750    |    81.622    | P1      (1)  |       0.247     |      0.275    |     0.142    |
| 838 | 103  |     Heredity     |  mol_h2o: 4 |     -0.750    |    81.617    | P1      (1)  |       0.203     |      0.247    |     0.192    |
| 304 | 104  |     Heredity     |  mol_h2o: 4 |     -0.750    |    81.598    | C2      (5)  |       0.334     |      0.340    |     0.025    |
| 301 | 105  |     Heredity     |  mol_h2o: 4 |     -0.750    |    81.632    | P1      (1)  |       0.201     |      0.222    |     0.097    |
| 681 | 106  |     Heredity     |  mol_h2o: 4 |     -0.750    |    81.577    | P1      (1)  |       0.223     |      0.249    |     0.105    |
| 618 | 107  |     Heredity     |  mol_h2o: 4 |     -0.750    |    81.612    | P1      (1)  |       0.208     |      0.242    |     0.158    |
| 774 | 108  |     Heredity     |  mol_h2o: 4 |     -0.749    |    81.609    | P1      (1)  |       0.184     |      0.234    |     0.209    |
| 660 | 109  |     Heredity     |  mol_h2o: 4 |     -0.749    |    81.618    | P1      (1)  |       0.191     |      0.230    |     0.168    |
| 557 | 110  |     Heredity     |  mol_h2o: 4 |     -0.749    |    81.599    | P1      (1)  |       0.192     |      0.235    |     0.182    |
| 855 | 111  |     Heredity     |  mol_h2o: 4 |     -0.749    |    81.597    | P1      (1)  |       0.181     |      0.217    |     0.173    |
| 870 | 112  |     Heredity     |  mol_h2o: 4 |     -0.749    |    81.631    | P1      (1)  |       0.197     |      0.239    |     0.176    |
| 687 | 113  |     Heredity     |  mol_h2o: 4 |     -0.749    |    81.594    | P1      (1)  |       0.182     |      0.225    |     0.196    |
| 831 | 114  | Softmodemutation |  mol_h2o: 4 |     -0.749    |    81.612    | P1      (1)  |       0.192     |      0.240    |     0.202    |
| 718 | 115  |     Heredity     |  mol_h2o: 4 |     -0.749    |    81.611    | P1      (1)  |       0.219     |      0.253    |     0.164    |
| 608 | 116  | Softmodemutation |  mol_h2o: 4 |     -0.749    |    81.616    | P1      (1)  |       0.176     |      0.220    |     0.191    |
| 605 | 117  | Softmodemutation |  mol_h2o: 4 |     -0.749    |    81.634    | P1      (1)  |       0.280     |      0.302    |     0.124    |
| 157 | 118  | Softmodemutation |  mol_h2o: 4 |     -0.749    |    81.601    | P1      (1)  |       0.187     |      0.226    |     0.174    |
| 456 | 119  |     Heredity     |  mol_h2o: 4 |     -0.748    |    81.615    | P1      (1)  |       0.217     |      0.263    |     0.187    |
|  77 | 120  |     Heredity     |  mol_h2o: 4 |     -0.748    |    81.602    | P1      (1)  |       0.204     |      0.233    |     0.130    |
| 452 | 121  |     Heredity     |  mol_h2o: 4 |     -0.748    |    81.597    | P1      (1)  |       0.244     |      0.290    |     0.180    |
| 477 | 122  | Softmodemutation |  mol_h2o: 4 |     -0.748    |    81.597    | P1      (1)  |       0.217     |      0.265    |     0.176    |
| 397 | 123  |     Heredity     |  mol_h2o: 4 |     -0.748    |    81.601    | P1      (1)  |       0.189     |      0.227    |     0.169    |
| 817 | 124  |     Heredity     |  mol_h2o: 4 |     -0.748    |    81.612    | P1      (1)  |       0.199     |      0.245    |     0.188    |
| 620 | 125  |     Heredity     |  mol_h2o: 4 |     -0.748    |    81.631    | P1      (1)  |       0.206     |      0.257    |     0.205    |
| 261 | 126  |     Heredity     |  mol_h2o: 4 |     -0.747    |    81.591    | P1      (1)  |       0.206     |      0.246    |     0.169    |
| 724 | 127  |     Heredity     |  mol_h2o: 4 |     -0.747    |    81.614    | P1      (1)  |       0.195     |      0.247    |     0.207    |
| 486 | 128  |     Heredity     |  mol_h2o: 4 |     -0.747    |    81.599    | P1      (1)  |       0.183     |      0.224    |     0.182    |
| 764 | 129  |     RandSym      |  mol_h2o: 4 |     -0.747    |    81.613    | P1      (1)  |       0.257     |      0.285    |     0.132    |
| 791 | 130  |     RandTop      |  mol_h2o: 4 |     -0.747    |    81.634    | P1      (1)  |       0.255     |      0.295    |     0.169    |
| 428 | 131  |     Heredity     |  mol_h2o: 4 |     -0.747    |    81.623    | P1      (1)  |       0.182     |      0.227    |     0.196    |
| 692 | 132  |     Heredity     |  mol_h2o: 4 |     -0.747    |    81.614    | P1      (1)  |       0.178     |      0.225    |     0.204    |
| 547 | 133  |     Heredity     |  mol_h2o: 4 |     -0.747    |    81.600    | P1      (1)  |       0.211     |      0.248    |     0.152    |
| 392 | 134  |     Heredity     |  mol_h2o: 4 |     -0.747    |    81.590    | P1      (1)  |       0.179     |      0.221    |     0.188    |
| 384 | 135  |     Heredity     |  mol_h2o: 4 |     -0.747    |    81.601    | P1      (1)  |       0.216     |      0.257    |     0.159    |
| 672 | 136  | Softmodemutation |  mol_h2o: 4 |     -0.747    |    81.628    | P1      (1)  |       0.209     |      0.225    |     0.079    |
| 586 | 137  |     Heredity     |  mol_h2o: 4 |     -0.747    |    81.568    | P1      (1)  |       0.193     |      0.249    |     0.216    |
| 359 | 138  |     Heredity     |  mol_h2o: 4 |     -0.746    |    81.632    | P1      (1)  |       0.181     |      0.239    |     0.228    |
| 813 | 139  |     Heredity     |  mol_h2o: 4 |     -0.746    |    81.589    | P1      (1)  |       0.186     |      0.237    |     0.210    |
| 689 | 140  |     Heredity     |  mol_h2o: 4 |     -0.746    |    81.592    | P1      (1)  |       0.182     |      0.222    |     0.181    |
| 889 | 141  |     RandTop      |  mol_h2o: 4 |     -0.746    |    81.634    | P1      (1)  |       0.207     |      0.239    |     0.146    |
| 254 | 142  |     Heredity     |  mol_h2o: 4 |     -0.746    |    81.629    | P1      (1)  |       0.291     |      0.302    |     0.043    |
| 723 | 143  |     Heredity     |  mol_h2o: 4 |     -0.746    |    81.594    | P1      (1)  |       0.213     |      0.258    |     0.169    |
| 320 | 144  |     Heredity     |  mol_h2o: 4 |     -0.746    |    81.639    | P1      (1)  |       0.204     |      0.246    |     0.185    |
| 804 | 145  |     Heredity     |  mol_h2o: 4 |     -0.746    |    81.601    | P1      (1)  |       0.213     |      0.260    |     0.187    |
| 822 | 146  |     Heredity     |  mol_h2o: 4 |     -0.746    |    81.608    | P1      (1)  |       0.186     |      0.225    |     0.174    |
| 832 | 147  | Softmodemutation |  mol_h2o: 4 |     -0.745    |    81.608    | P1      (1)  |       0.196     |      0.232    |     0.165    |
| 881 | 148  |     Heredity     |  mol_h2o: 4 |     -0.745    |    81.616    | P1      (1)  |       0.187     |      0.236    |     0.201    |
| 609 | 149  | Softmodemutation |  mol_h2o: 4 |     -0.745    |    81.616    | P1      (1)  |       0.194     |      0.243    |     0.195    |
| 515 | 150  |     Heredity     |  mol_h2o: 4 |     -0.745    |    81.616    | P1      (1)  |       0.242     |      0.284    |     0.158    |
| 652 | 151  |     Heredity     |  mol_h2o: 4 |     -0.745    |    81.604    | P1      (1)  |       0.219     |      0.262    |     0.179    |
| 297 | 152  |     Heredity     |  mol_h2o: 4 |     -0.745    |    81.627    | P1      (1)  |       0.219     |      0.262    |     0.168    |
| 610 | 153  |     Heredity     |  mol_h2o: 4 |     -0.745    |    81.599    | P1      (1)  |       0.187     |      0.232    |     0.185    |
| 853 | 154  |     Heredity     |  mol_h2o: 4 |     -0.745    |    81.599    | P1      (1)  |       0.215     |      0.259    |     0.195    |
| 288 | 155  |     Heredity     |  mol_h2o: 4 |     -0.744    |    81.610    | P1      (1)  |       0.195     |      0.241    |     0.195    |
|  84 | 156  |     Heredity     |  mol_h2o: 4 |     -0.744    |    81.618    | P1      (1)  |       0.178     |      0.231    |     0.207    |
| 875 | 157  |     Heredity     |  mol_h2o: 4 |     -0.744    |    81.619    | P1      (1)  |       0.177     |      0.226    |     0.206    |
| 527 | 158  |     Heredity     |  mol_h2o: 4 |     -0.744    |    81.599    | P1      (1)  |       0.185     |      0.231    |     0.198    |
| 328 | 159  |     Heredity     |  mol_h2o: 4 |     -0.744    |    81.632    | P1      (1)  |       0.200     |      0.241    |     0.166    |
| 422 | 160  |     Heredity     |  mol_h2o: 4 |     -0.744    |    81.593    | P1      (1)  |       0.205     |      0.244    |     0.161    |
| 802 | 161  | Softmodemutation |  mol_h2o: 4 |     -0.744    |    81.609    | P1      (1)  |       0.191     |      0.234    |     0.190    |
| 834 | 162  | Softmodemutation |  mol_h2o: 4 |     -0.743    |    81.589    | P1      (1)  |       0.193     |      0.242    |     0.200    |
| 420 | 163  |     Heredity     |  mol_h2o: 4 |     -0.743    |    81.611    | P1      (1)  |       0.176     |      0.216    |     0.181    |
| 357 | 164  |     Heredity     |  mol_h2o: 4 |     -0.743    |    81.603    | P1      (1)  |       0.182     |      0.232    |     0.204    |
| 812 | 165  |     Heredity     |  mol_h2o: 4 |     -0.743    |    81.588    | P1      (1)  |       0.183     |      0.223    |     0.177    |
| 315 | 166  | Softmodemutation |  mol_h2o: 4 |     -0.743    |    81.597    | Pm      (6)  |       0.222     |      0.274    |     0.181    |
| 628 | 167  |     Heredity     |  mol_h2o: 4 |     -0.743    |    81.568    | P1      (1)  |       0.184     |      0.212    |     0.131    |
| 777 | 168  |     Heredity     |  mol_h2o: 4 |     -0.743    |    81.592    | P1      (1)  |       0.192     |      0.248    |     0.216    |
| 526 | 169  |     Heredity     |  mol_h2o: 4 |     -0.743    |    81.597    | P1      (1)  |       0.204     |      0.257    |     0.200    |
| 491 | 170  |     Heredity     |  mol_h2o: 4 |     -0.743    |    81.600    | P1      (1)  |       0.191     |      0.231    |     0.175    |
|  70 | 171  |     Heredity     |  mol_h2o: 4 |     -0.743    |    81.596    | Cmcm    (63) |       0.281     |      0.292    |     0.046    |
| 287 | 172  |     Heredity     |  mol_h2o: 4 |     -0.743    |    81.597    | Cm      (8)  |       0.215     |      0.261    |     0.170    |
| 650 | 173  |     Heredity     |  mol_h2o: 4 |     -0.743    |    81.616    | P1      (1)  |       0.206     |      0.250    |     0.197    |
| 513 | 174  | Softmodemutation |  mol_h2o: 4 |     -0.743    |    81.594    | P1      (1)  |       0.224     |      0.270    |     0.178    |
| 231 | 175  |     Heredity     |  mol_h2o: 4 |     -0.743    |    81.612    | C2      (5)  |       0.295     |      0.305    |     0.044    |
| 325 | 176  |     Heredity     |  mol_h2o: 4 |     -0.742    |    81.618    | P1      (1)  |       0.226     |      0.266    |     0.151    |
| 363 | 177  |     Heredity     |  mol_h2o: 4 |     -0.742    |    81.658    | P1      (1)  |       0.188     |      0.224    |     0.162    |
| 321 | 178  |     Heredity     |  mol_h2o: 4 |     -0.742    |    81.608    | P1      (1)  |       0.246     |      0.279    |     0.136    |
| 617 | 179  |     Heredity     |  mol_h2o: 4 |     -0.742    |    81.619    | P1      (1)  |       0.235     |      0.276    |     0.172    |
| 877 | 180  |     Heredity     |  mol_h2o: 4 |     -0.742    |    81.614    | P1      (1)  |       0.182     |      0.215    |     0.155    |
| 779 | 181  |     Heredity     |  mol_h2o: 4 |     -0.742    |    81.614    | P1      (1)  |       0.221     |      0.257    |     0.157    |
| 351 | 182  |     Heredity     |  mol_h2o: 4 |     -0.742    |    81.602    | P1      (1)  |       0.193     |      0.245    |     0.208    |
|  20 | 183  |     RandSym      |  mol_h2o: 4 |     -0.742    |    81.634    | P2      (3)  |       0.392     |      0.406    |     0.041    |
| 268 | 184  |     Heredity     |  mol_h2o: 4 |     -0.742    |    81.630    | P1      (1)  |       0.229     |      0.245    |     0.070    |
| 819 | 185  |     Heredity     |  mol_h2o: 4 |     -0.742    |    81.594    | P1      (1)  |       0.196     |      0.243    |     0.189    |
| 412 | 186  | Softmodemutation |  mol_h2o: 4 |     -0.742    |    81.599    | P1      (1)  |       0.259     |      0.295    |     0.145    |
| 880 | 187  |     Heredity     |  mol_h2o: 4 |     -0.742    |    81.608    | P1      (1)  |       0.215     |      0.262    |     0.184    |
| 714 | 188  |     Heredity     |  mol_h2o: 4 |     -0.742    |    81.612    | P1      (1)  |       0.181     |      0.239    |     0.227    |
| 732 | 189  | Softmodemutation |  mol_h2o: 4 |     -0.742    |    81.612    | P1      (1)  |       0.176     |      0.230    |     0.218    |
| 221 | 190  |     Heredity     |  mol_h2o: 4 |     -0.742    |    81.633    | P1      (1)  |       0.206     |      0.260    |     0.204    |
| 228 | 191  |     Heredity     |  mol_h2o: 4 |     -0.742    |    81.609    | P1      (1)  |       0.182     |      0.222    |     0.176    |
| 765 | 192  | Softmodemutation |  mol_h2o: 4 |     -0.742    |    81.613    | P1      (1)  |       0.237     |      0.273    |     0.151    |
| 767 | 193  | Softmodemutation |  mol_h2o: 4 |     -0.742    |    81.590    | P1      (1)  |       0.203     |      0.252    |     0.204    |
| 521 | 194  |     Heredity     |  mol_h2o: 4 |     -0.741    |    81.600    | P1      (1)  |       0.227     |      0.260    |     0.144    |
| 232 | 195  |     Heredity     |  mol_h2o: 4 |     -0.741    |    81.635    | P1      (1)  |       0.195     |      0.237    |     0.180    |
| 499 | 196  |     Heredity     |  mol_h2o: 4 |     -0.741    |    81.628    | P1      (1)  |       0.192     |      0.226    |     0.153    |
| 540 | 197  | Softmodemutation |  mol_h2o: 4 |     -0.741    |    81.583    | P1      (1)  |       0.194     |      0.250    |     0.217    |
| 612 | 198  |     Heredity     |  mol_h2o: 4 |     -0.741    |    81.613    | P1      (1)  |       0.209     |      0.251    |     0.178    |
| 465 | 199  |     Heredity     |  mol_h2o: 4 |     -0.741    |    81.591    | P1      (1)  |       0.223     |      0.264    |     0.160    |
| 768 | 200  | Softmodemutation |  mol_h2o: 4 |     -0.741    |    81.590    | P1      (1)  |       0.221     |      0.257    |     0.167    |
| 573 | 201  | Softmodemutation |  mol_h2o: 4 |     -0.741    |    81.614    | P1      (1)  |       0.187     |      0.225    |     0.175    |
| 460 | 202  |     Heredity     |  mol_h2o: 4 |     -0.740    |    81.606    | P1      (1)  |       0.191     |      0.245    |     0.212    |
| 235 | 203  |     Heredity     |  mol_h2o: 4 |     -0.740    |    81.642    | C2      (5)  |       0.288     |      0.291    |     0.015    |
| 484 | 204  |     Heredity     |  mol_h2o: 4 |     -0.740    |    81.597    | P1      (1)  |       0.189     |      0.240    |     0.209    |
| 505 | 205  |     RandSym      |  mol_h2o: 4 |     -0.740    |    81.625    | P1      (1)  |       0.177     |      0.227    |     0.204    |
| 148 | 206  |     RandTop      |  mol_h2o: 4 |     -0.740    |    81.634    | P1      (1)  |       0.239     |      0.268    |     0.137    |
| 362 | 207  |     Heredity     |  mol_h2o: 4 |     -0.740    |    81.612    | P1      (1)  |       0.189     |      0.232    |     0.177    |
| 647 | 208  |     Heredity     |  mol_h2o: 4 |     -0.740    |    81.633    | P1      (1)  |       0.245     |      0.284    |     0.190    |
| 888 | 209  |     Heredity     |  mol_h2o: 4 |     -0.740    |    81.579    | P1      (1)  |       0.195     |      0.252    |     0.220    |
| 330 | 210  |     Heredity     |  mol_h2o: 4 |     -0.740    |    81.646    | P1      (1)  |       0.192     |      0.235    |     0.180    |
| 642 | 211  |     Heredity     |  mol_h2o: 4 |     -0.740    |    81.630    | P1      (1)  |       0.179     |      0.229    |     0.201    |
| 482 | 212  |     Heredity     |  mol_h2o: 4 |     -0.740    |    81.594    | P1      (1)  |       0.241     |      0.289    |     0.191    |
| 387 | 213  |     Heredity     |  mol_h2o: 4 |     -0.740    |    81.600    | P1      (1)  |       0.206     |      0.245    |     0.164    |
| 685 | 214  |     Heredity     |  mol_h2o: 4 |     -0.740    |    81.637    | P1      (1)  |       0.213     |      0.260    |     0.193    |
| 710 | 215  |     Heredity     |  mol_h2o: 4 |     -0.739    |    81.594    | P1      (1)  |       0.179     |      0.230    |     0.208    |
| 871 | 216  |     Heredity     |  mol_h2o: 4 |     -0.739    |    81.608    | P1      (1)  |       0.198     |      0.255    |     0.219    |
| 333 | 217  |     Heredity     |  mol_h2o: 4 |     -0.739    |    81.619    | P1      (1)  |       0.202     |      0.260    |     0.221    |
| 352 | 218  |     Heredity     |  mol_h2o: 4 |     -0.739    |    81.597    | P1      (1)  |       0.219     |      0.261    |     0.187    |
| 606 | 219  | Softmodemutation |  mol_h2o: 4 |     -0.739    |    81.629    | P1      (1)  |       0.187     |      0.237    |     0.194    |
| 607 | 220  | Softmodemutation |  mol_h2o: 4 |     -0.739    |    81.629    | P1      (1)  |       0.194     |      0.248    |     0.201    |
| 805 | 221  |     Heredity     |  mol_h2o: 4 |     -0.739    |    81.601    | P1      (1)  |       0.200     |      0.233    |     0.148    |
| 432 | 222  |     Heredity     |  mol_h2o: 4 |     -0.739    |    81.621    | P1      (1)  |       0.195     |      0.238    |     0.172    |
| 648 | 223  |     Heredity     |  mol_h2o: 4 |     -0.739    |    81.596    | P1      (1)  |       0.190     |      0.235    |     0.183    |
| 158 | 224  | Softmodemutation |  mol_h2o: 4 |     -0.739    |    81.634    | P1      (1)  |       0.260     |      0.288    |     0.148    |
| 691 | 225  |     Heredity     |  mol_h2o: 4 |     -0.739    |    81.590    | P1      (1)  |       0.204     |      0.214    |     0.051    |
| 286 | 226  |     Heredity     |  mol_h2o: 4 |     -0.739    |    81.628    | P1      (1)  |       0.225     |      0.270    |     0.186    |
| 274 | 227  |     RandTop      |  mol_h2o: 4 |     -0.738    |    81.624    | P1      (1)  |       0.208     |      0.256    |     0.197    |
| 770 | 228  | Softmodemutation |  mol_h2o: 4 |     -0.738    |    81.594    | P1      (1)  |       0.178     |      0.214    |     0.174    |
| 552 | 229  |     Heredity     |  mol_h2o: 4 |     -0.738    |    81.599    | P1      (1)  |       0.179     |      0.228    |     0.205    |
| 711 | 230  |     Heredity     |  mol_h2o: 4 |     -0.738    |    81.594    | P1      (1)  |       0.181     |      0.216    |     0.168    |
| 326 | 231  |     Heredity     |  mol_h2o: 4 |     -0.738    |    81.612    | P1      (1)  |       0.192     |      0.240    |     0.192    |
| 234 | 232  |     Heredity     |  mol_h2o: 4 |     -0.738    |    81.652    | P1      (1)  |       0.199     |      0.248    |     0.199    |
| 444 | 233  | Softmodemutation |  mol_h2o: 4 |     -0.738    |    81.603    | P1      (1)  |       0.184     |      0.235    |     0.213    |
| 708 | 234  |     Heredity     |  mol_h2o: 4 |     -0.738    |    81.643    | P1      (1)  |       0.190     |      0.237    |     0.193    |
| 773 | 235  |     Heredity     |  mol_h2o: 4 |     -0.738    |    81.592    | P1      (1)  |       0.212     |      0.260    |     0.202    |
| 424 | 236  |     Heredity     |  mol_h2o: 4 |     -0.738    |    81.603    | P1      (1)  |       0.177     |      0.224    |     0.205    |
| 840 | 237  |     Heredity     |  mol_h2o: 4 |     -0.738    |    81.608    | P1      (1)  |       0.212     |      0.234    |     0.106    |
| 427 | 238  |     Heredity     |  mol_h2o: 4 |     -0.738    |    81.615    | P1      (1)  |       0.217     |      0.244    |     0.130    |
| 842 | 239  |     Heredity     |  mol_h2o: 4 |     -0.738    |    81.629    | P1      (1)  |       0.219     |      0.246    |     0.129    |
| 334 | 240  |     Heredity     |  mol_h2o: 4 |     -0.738    |    81.628    | P1      (1)  |       0.196     |      0.245    |     0.203    |
| 675 | 241  |     Heredity     |  mol_h2o: 4 |     -0.737    |    81.628    | P1      (1)  |       0.200     |      0.248    |     0.191    |
| 836 | 242  |     Heredity     |  mol_h2o: 4 |     -0.737    |    81.594    | P1      (1)  |       0.191     |      0.244    |     0.205    |
| 255 | 243  |     Heredity     |  mol_h2o: 4 |     -0.737    |    81.605    | P1      (1)  |       0.190     |      0.234    |     0.191    |
| 572 | 244  | Softmodemutation |  mol_h2o: 4 |     -0.737    |    81.600    | P1      (1)  |       0.191     |      0.232    |     0.176    |
| 771 | 245  |     Heredity     |  mol_h2o: 4 |     -0.737    |    81.612    | P1      (1)  |       0.220     |      0.246    |     0.124    |
| 594 | 246  |     Heredity     |  mol_h2o: 4 |     -0.737    |    81.633    | P1      (1)  |       0.199     |      0.249    |     0.211    |
| 775 | 247  |     Heredity     |  mol_h2o: 4 |     -0.737    |    81.594    | P1      (1)  |       0.190     |      0.238    |     0.199    |
| 806 | 248  |     Heredity     |  mol_h2o: 4 |     -0.737    |    81.612    | P1      (1)  |       0.200     |      0.252    |     0.216    |
| 306 | 249  |     RandTop      |  mol_h2o: 4 |     -0.737    |    81.634    | P1      (1)  |       0.226     |      0.256    |     0.144    |
| 815 | 250  |     Heredity     |  mol_h2o: 4 |     -0.736    |    81.629    | P1      (1)  |       0.178     |      0.232    |     0.220    |
| 291 | 251  |     Heredity     |  mol_h2o: 4 |     -0.736    |    81.622    | P1      (1)  |       0.224     |      0.274    |     0.205    |
| 531 | 252  |     Heredity     |  mol_h2o: 4 |     -0.736    |    81.621    | P1      (1)  |       0.227     |      0.263    |     0.157    |
| 750 | 253  |     Heredity     |  mol_h2o: 4 |     -0.736    |    81.590    | P1      (1)  |       0.222     |      0.252    |     0.150    |
| 437 | 254  |     RandTop      |  mol_h2o: 4 |     -0.736    |    81.628    | P1      (1)  |       0.249     |      0.287    |     0.144    |
| 709 | 255  |     Heredity     |  mol_h2o: 4 |     -0.736    |    81.594    | P1      (1)  |       0.188     |      0.238    |     0.198    |
| 683 | 256  |     Heredity     |  mol_h2o: 4 |     -0.736    |    81.641    | P1      (1)  |       0.189     |      0.242    |     0.211    |
| 696 | 257  |     RandTop      |  mol_h2o: 4 |     -0.736    |    81.634    | P2_1    (4)  |       0.217     |      0.252    |     0.155    |
| 744 | 258  |     Heredity     |  mol_h2o: 4 |     -0.736    |    81.612    | Amm2    (38) |       0.216     |      0.250    |     0.129    |
| 199 | 259  |     Heredity     |  mol_h2o: 4 |     -0.736    |    81.593    | P1      (1)  |       0.196     |      0.235    |     0.178    |
| 872 | 260  |     Heredity     |  mol_h2o: 4 |     -0.735    |    81.617    | P1      (1)  |       0.205     |      0.259    |     0.217    |
| 611 | 261  |     Heredity     |  mol_h2o: 4 |     -0.735    |    81.614    | P1      (1)  |       0.184     |      0.226    |     0.182    |
|  10 | 262  |     RandTop      |  mol_h2o: 4 |     -0.735    |    81.618    | P1      (1)  |       0.211     |      0.255    |     0.183    |
| 137 | 263  |     Heredity     |  mol_h2o: 4 |     -0.735    |    81.601    | P1      (1)  |       0.238     |      0.277    |     0.155    |
| 721 | 264  |     Heredity     |  mol_h2o: 4 |     -0.735    |    81.609    | P1      (1)  |       0.220     |      0.263    |     0.160    |
| 203 | 265  |     Heredity     |  mol_h2o: 4 |     -0.735    |    81.615    | P1      (1)  |       0.207     |      0.253    |     0.194    |
| 776 | 266  |     Heredity     |  mol_h2o: 4 |     -0.735    |    81.594    | P1      (1)  |       0.190     |      0.236    |     0.195    |
| 851 | 267  |     Heredity     |  mol_h2o: 4 |     -0.735    |    81.629    | P1      (1)  |       0.191     |      0.236    |     0.186    |
| 225 | 268  |     Heredity     |  mol_h2o: 4 |     -0.735    |    81.593    | P1      (1)  |       0.191     |      0.230    |     0.181    |
| 372 | 269  |     RandTop      |  mol_h2o: 4 |     -0.735    |    81.634    | P1      (1)  |       0.239     |      0.276    |     0.178    |
| 766 | 270  | Softmodemutation |  mol_h2o: 4 |     -0.735    |    81.594    | P1      (1)  |       0.178     |      0.217    |     0.182    |
| 843 | 271  |     Heredity     |  mol_h2o: 4 |     -0.735    |    81.609    | P1      (1)  |       0.222     |      0.265    |     0.192    |
| 643 | 272  |     Heredity     |  mol_h2o: 4 |     -0.735    |    81.609    | P1      (1)  |       0.190     |      0.222    |     0.153    |
|  71 | 273  |     Heredity     |  mol_h2o: 4 |     -0.735    |    81.624    | P1      (1)  |       0.191     |      0.244    |     0.203    |
| 349 | 274  |     Heredity     |  mol_h2o: 4 |     -0.734    |    81.649    | P1      (1)  |       0.189     |      0.234    |     0.193    |
| 835 | 275  | Softmodemutation |  mol_h2o: 4 |     -0.734    |    81.592    | P1      (1)  |       0.182     |      0.231    |     0.201    |
| 653 | 276  |     Heredity     |  mol_h2o: 4 |     -0.734    |    81.594    | P1      (1)  |       0.211     |      0.250    |     0.159    |
| 757 | 277  |     Heredity     |  mol_h2o: 4 |     -0.734    |    81.601    | P1      (1)  |       0.204     |      0.251    |     0.204    |
|  28 | 278  |     RandSym      |  mol_h2o: 4 |     -0.734    |    81.611    | Amm2    (38) |       0.357     |      0.357    |     0.004    |
| 458 | 279  |     Heredity     |  mol_h2o: 4 |     -0.734    |    81.579    | P1      (1)  |       0.195     |      0.233    |     0.170    |
| 462 | 280  |     Heredity     |  mol_h2o: 4 |     -0.734    |    81.594    | P1      (1)  |       0.231     |      0.275    |     0.162    |
| 548 | 281  |     Heredity     |  mol_h2o: 4 |     -0.734    |    81.600    | P1      (1)  |       0.196     |      0.251    |     0.219    |
| 704 | 282  | Softmodemutation |  mol_h2o: 4 |     -0.734    |    81.637    | P1      (1)  |       0.197     |      0.247    |     0.202    |
| 688 | 283  |     Heredity     |  mol_h2o: 4 |     -0.734    |    81.598    | P1      (1)  |       0.215     |      0.255    |     0.168    |
| 253 | 284  |     Heredity     |  mol_h2o: 4 |     -0.734    |    81.626    | P1      (1)  |       0.198     |      0.246    |     0.188    |
| 592 | 285  |     Heredity     |  mol_h2o: 4 |     -0.733    |    81.618    | P1      (1)  |       0.232     |      0.269    |     0.171    |
| 589 | 286  |     Heredity     |  mol_h2o: 4 |     -0.733    |    81.564    | P1      (1)  |       0.192     |      0.234    |     0.175    |
| 350 | 287  |     Heredity     |  mol_h2o: 4 |     -0.733    |    81.615    | P1      (1)  |       0.172     |      0.223    |     0.210    |
| 489 | 288  |     Heredity     |  mol_h2o: 4 |     -0.733    |    81.578    | P1      (1)  |       0.189     |      0.246    |     0.226    |
| 524 | 289  |     Heredity     |  mol_h2o: 4 |     -0.733    |    81.609    | P1      (1)  |       0.196     |      0.247    |     0.206    |
| 736 | 290  | Softmodemutation |  mol_h2o: 4 |     -0.733    |    81.594    | Pc      (7)  |       0.206     |      0.228    |     0.105    |
| 844 | 291  |     Heredity     |  mol_h2o: 4 |     -0.733    |    81.612    | P1      (1)  |       0.178     |      0.219    |     0.179    |
|  46 | 292  |     Heredity     |  mol_h2o: 4 |     -0.733    |    81.612    | P1      (1)  |       0.178     |      0.225    |     0.196    |
| 615 | 293  |     Heredity     |  mol_h2o: 4 |     -0.733    |    81.600    | P1      (1)  |       0.196     |      0.209    |     0.072    |
| 717 | 294  |     Heredity     |  mol_h2o: 4 |     -0.733    |    81.594    | P1      (1)  |       0.200     |      0.225    |     0.119    |
| 754 | 295  |     Heredity     |  mol_h2o: 4 |     -0.733    |    81.572    | Pc      (7)  |       0.211     |      0.232    |     0.107    |
| 551 | 296  |     Heredity     |  mol_h2o: 4 |     -0.733    |    81.635    | P1      (1)  |       0.257     |      0.284    |     0.113    |
| 887 | 297  |     Heredity     |  mol_h2o: 4 |     -0.732    |    81.579    | P1      (1)  |       0.180     |      0.217    |     0.171    |
| 467 | 298  |     Heredity     |  mol_h2o: 4 |     -0.732    |    81.588    | P1      (1)  |       0.215     |      0.251    |     0.159    |
| 494 | 299  |     Heredity     |  mol_h2o: 4 |     -0.732    |    81.616    | P1      (1)  |       0.183     |      0.222    |     0.176    |
| 719 | 300  |     Heredity     |  mol_h2o: 4 |     -0.732    |    81.612    | P1      (1)  |       0.228     |      0.270    |     0.182    |
| 684 | 301  |     Heredity     |  mol_h2o: 4 |     -0.732    |    81.607    | P1      (1)  |       0.201     |      0.229    |     0.134    |
| 264 | 302  |     Heredity     |  mol_h2o: 4 |     -0.732    |    81.621    | P1      (1)  |       0.240     |      0.265    |     0.101    |
| 238 | 303  |     Heredity     |  mol_h2o: 4 |     -0.732    |    81.619    | P1      (1)  |       0.191     |      0.242    |     0.203    |
| 233 | 304  |     Heredity     |  mol_h2o: 4 |     -0.732    |    81.616    | P1      (1)  |       0.213     |      0.266    |     0.212    |
| 656 | 305  |     Heredity     |  mol_h2o: 4 |     -0.732    |    81.599    | P1      (1)  |       0.181     |      0.218    |     0.176    |
| 821 | 306  |     Heredity     |  mol_h2o: 4 |     -0.732    |    81.592    | P1      (1)  |       0.212     |      0.253    |     0.174    |
| 201 | 307  |     Heredity     |  mol_h2o: 4 |     -0.732    |    81.612    | P1      (1)  |       0.190     |      0.237    |     0.200    |
| 823 | 308  |     Heredity     |  mol_h2o: 4 |     -0.731    |    81.592    | P1      (1)  |       0.177     |      0.217    |     0.190    |
| 789 | 309  |     Heredity     |  mol_h2o: 4 |     -0.731    |    81.610    | P1      (1)  |       0.198     |      0.245    |     0.201    |
| 740 | 310  |     Heredity     |  mol_h2o: 4 |     -0.731    |    81.594    | P1      (1)  |       0.221     |      0.265    |     0.188    |
|  86 | 311  |     RandTop      |  mol_h2o: 4 |     -0.731    |    81.634    | P1      (1)  |       0.232     |      0.268    |     0.159    |
| 809 | 312  |     Heredity     |  mol_h2o: 4 |     -0.731    |    81.577    | P1      (1)  |       0.193     |      0.254    |     0.226    |
| 159 | 313  |     Heredity     |  mol_h2o: 4 |     -0.731    |    81.623    | P1      (1)  |       0.183     |      0.224    |     0.187    |
| 385 | 314  |     Heredity     |  mol_h2o: 4 |     -0.731    |    81.589    | P1      (1)  |       0.215     |      0.256    |     0.169    |
| 185 | 315  | Softmodemutation |  mol_h2o: 4 |     -0.730    |    81.601    | P1      (1)  |       0.203     |      0.258    |     0.215    |
| 400 | 316  |     Heredity     |  mol_h2o: 4 |     -0.730    |    81.601    | P1      (1)  |       0.196     |      0.246    |     0.200    |
| 488 | 317  |     Heredity     |  mol_h2o: 4 |     -0.730    |    81.601    | P1      (1)  |       0.189     |      0.251    |     0.231    |
| 335 | 318  |     Heredity     |  mol_h2o: 4 |     -0.730    |    81.592    | P1      (1)  |       0.189     |      0.225    |     0.167    |
| 814 | 319  |     Heredity     |  mol_h2o: 4 |     -0.730    |    81.614    | P1      (1)  |       0.177     |      0.236    |     0.227    |
| 850 | 320  |     Heredity     |  mol_h2o: 4 |     -0.729    |    81.581    | P1      (1)  |       0.185     |      0.238    |     0.219    |
| 522 | 321  |     Heredity     |  mol_h2o: 4 |     -0.729    |    81.600    | P1      (1)  |       0.194     |      0.245    |     0.212    |
| 784 | 322  |     Heredity     |  mol_h2o: 4 |     -0.729    |    81.592    | P1      (1)  |       0.205     |      0.245    |     0.172    |
| 361 | 323  |     Heredity     |  mol_h2o: 4 |     -0.729    |    81.628    | P1      (1)  |       0.226     |      0.262    |     0.170    |
| 497 | 324  |     Heredity     |  mol_h2o: 4 |     -0.729    |    81.583    | P1      (1)  |       0.208     |      0.244    |     0.163    |
| 229 | 325  |     Heredity     |  mol_h2o: 4 |     -0.729    |    81.623    | P1      (1)  |       0.186     |      0.228    |     0.181    |
| 365 | 326  |     Heredity     |  mol_h2o: 4 |     -0.728    |    81.601    | P1      (1)  |       0.239     |      0.283    |     0.180    |
| 186 | 327  | Softmodemutation |  mol_h2o: 4 |     -0.728    |    81.601    | P1      (1)  |       0.186     |      0.237    |     0.208    |
| 475 | 328  | Softmodemutation |  mol_h2o: 4 |     -0.728    |    81.599    | P1      (1)  |       0.225     |      0.251    |     0.122    |
| 532 | 329  |     Heredity     |  mol_h2o: 4 |     -0.728    |    81.581    | P1      (1)  |       0.174     |      0.226    |     0.219    |
| 431 | 330  |     Heredity     |  mol_h2o: 4 |     -0.728    |    81.597    | P1      (1)  |       0.219     |      0.242    |     0.102    |
| 678 | 331  |     Heredity     |  mol_h2o: 4 |     -0.728    |    81.596    | Pc      (7)  |       0.261     |      0.287    |     0.096    |
| 811 | 332  |     Heredity     |  mol_h2o: 4 |     -0.728    |    81.594    | P1      (1)  |       0.184     |      0.231    |     0.203    |
| 818 | 333  |     Heredity     |  mol_h2o: 4 |     -0.728    |    81.612    | P1      (1)  |       0.229     |      0.277    |     0.194    |
| 156 | 334  | Softmodemutation |  mol_h2o: 4 |     -0.728    |    81.601    | P1      (1)  |       0.188     |      0.245    |     0.212    |
| 674 | 335  |     Heredity     |  mol_h2o: 4 |     -0.727    |    81.594    | P1      (1)  |       0.190     |      0.238    |     0.195    |
| 613 | 336  |     Heredity     |  mol_h2o: 4 |     -0.727    |    81.580    | P1      (1)  |       0.200     |      0.222    |     0.113    |
| 418 | 337  |     Heredity     |  mol_h2o: 4 |     -0.727    |    81.610    | Amm2    (38) |       0.297     |      0.308    |     0.044    |
| 215 | 338  | Softmodemutation |  mol_h2o: 4 |     -0.727    |    81.612    | P1      (1)  |       0.189     |      0.223    |     0.167    |
| 398 | 339  |     Heredity     |  mol_h2o: 4 |     -0.727    |    81.600    | P1      (1)  |       0.195     |      0.238    |     0.179    |
| 755 | 340  |     Heredity     |  mol_h2o: 4 |     -0.727    |    81.612    | P1      (1)  |       0.189     |      0.240    |     0.213    |
| 265 | 341  |     Heredity     |  mol_h2o: 4 |     -0.727    |    81.650    | P1      (1)  |       0.257     |      0.291    |     0.129    |
| 298 | 342  |     Heredity     |  mol_h2o: 4 |     -0.727    |    81.620    | P1      (1)  |       0.186     |      0.210    |     0.120    |
| 417 | 343  |     Heredity     |  mol_h2o: 4 |     -0.727    |    81.607    | P1      (1)  |       0.181     |      0.236    |     0.219    |
| 659 | 344  |     Heredity     |  mol_h2o: 4 |     -0.727    |    81.600    | P1      (1)  |       0.235     |      0.269    |     0.131    |
| 657 | 345  |     Heredity     |  mol_h2o: 4 |     -0.727    |    81.632    | P1      (1)  |       0.210     |      0.252    |     0.194    |
| 786 | 346  |     Heredity     |  mol_h2o: 4 |     -0.727    |    81.609    | P1      (1)  |       0.178     |      0.224    |     0.200    |
| 103 | 347  |     Heredity     |  mol_h2o: 4 |     -0.727    |    81.616    | P1      (1)  |       0.222     |      0.267    |     0.167    |
| 758 | 348  |     Heredity     |  mol_h2o: 4 |     -0.727    |    81.614    | P1      (1)  |       0.212     |      0.229    |     0.089    |
| 177 | 349  |     RandTop      |  mol_h2o: 4 |     -0.727    |    81.598    | P1      (1)  |       0.171     |      0.214    |     0.191    |
| 712 | 350  |     Heredity     |  mol_h2o: 4 |     -0.726    |    81.616    | Pc      (7)  |       0.250     |      0.266    |     0.092    |
| 556 | 351  |     Heredity     |  mol_h2o: 4 |     -0.726    |    81.611    | P1      (1)  |       0.180     |      0.231    |     0.214    |
| 332 | 352  |     Heredity     |  mol_h2o: 4 |     -0.726    |    81.638    | P1      (1)  |       0.216     |      0.260    |     0.194    |
| 299 | 353  |     Heredity     |  mol_h2o: 4 |     -0.726    |    81.590    | P1      (1)  |       0.197     |      0.246    |     0.208    |
| 882 | 354  |     Heredity     |  mol_h2o: 4 |     -0.726    |    81.612    | P1      (1)  |       0.248     |      0.278    |     0.117    |
| 295 | 355  |     Heredity     |  mol_h2o: 4 |     -0.726    |    81.645    | P1      (1)  |       0.195     |      0.242    |     0.202    |
| 517 | 356  |     Heredity     |  mol_h2o: 4 |     -0.726    |    81.628    | P1      (1)  |       0.178     |      0.214    |     0.170    |
| 693 | 357  |     Heredity     |  mol_h2o: 4 |     -0.726    |    81.594    | P1      (1)  |       0.233     |      0.251    |     0.092    |
| 205 | 358  |     Heredity     |  mol_h2o: 4 |     -0.726    |    81.650    | P1      (1)  |       0.177     |      0.224    |     0.200    |
| 553 | 359  |     Heredity     |  mol_h2o: 4 |     -0.726    |    81.583    | P1      (1)  |       0.177     |      0.215    |     0.172    |
| 790 | 360  |     Heredity     |  mol_h2o: 4 |     -0.726    |    81.575    | P1      (1)  |       0.228     |      0.269    |     0.174    |
| 236 | 361  |     Heredity     |  mol_h2o: 4 |     -0.726    |    81.603    | P1      (1)  |       0.177     |      0.222    |     0.202    |
| 879 | 362  |     Heredity     |  mol_h2o: 4 |     -0.726    |    81.606    | P1      (1)  |       0.194     |      0.236    |     0.185    |
|  26 | 363  |     RandSym      |  mol_h2o: 4 |     -0.725    |    81.634    | P1      (1)  |       0.389     |      0.395    |     0.018    |
|  19 | 364  |     RandSym      |  mol_h2o: 4 |     -0.725    |    81.634    | P1      (1)  |       0.356     |      0.357    |     0.006    |
| 783 | 365  |     Heredity     |  mol_h2o: 4 |     -0.725    |    81.601    | P1      (1)  |       0.196     |      0.241    |     0.186    |
|  23 | 366  |     RandSym      |  mol_h2o: 4 |     -0.725    |    81.634    | P1      (1)  |       0.262     |      0.283    |     0.087    |
| 646 | 367  |     Heredity     |  mol_h2o: 4 |     -0.725    |    81.592    | P1      (1)  |       0.187     |      0.237    |     0.202    |
| 839 | 368  |     Heredity     |  mol_h2o: 4 |     -0.725    |    81.619    | P1      (1)  |       0.186     |      0.237    |     0.210    |
| 367 | 369  |     Heredity     |  mol_h2o: 4 |     -0.725    |    81.632    | P1      (1)  |       0.197     |      0.249    |     0.202    |
| 356 | 370  |     Heredity     |  mol_h2o: 4 |     -0.725    |    81.591    | P1      (1)  |       0.183     |      0.236    |     0.207    |
| 360 | 371  |     Heredity     |  mol_h2o: 4 |     -0.725    |    81.608    | P1      (1)  |       0.189     |      0.240    |     0.212    |
| 867 | 372  | Softmodemutation |  mol_h2o: 4 |     -0.725    |    81.577    | P1      (1)  |       0.190     |      0.241    |     0.201    |
| 331 | 373  |     Heredity     |  mol_h2o: 4 |     -0.725    |    81.624    | P1      (1)  |       0.199     |      0.233    |     0.156    |
| 536 | 374  |     RandTop      |  mol_h2o: 4 |     -0.725    |    81.588    | P1      (1)  |       0.207     |      0.259    |     0.213    |
| 518 | 375  |     Heredity     |  mol_h2o: 4 |     -0.725    |    81.600    | P1      (1)  |       0.223     |      0.262    |     0.181    |
| 713 | 376  |     Heredity     |  mol_h2o: 4 |     -0.725    |    81.594    | P1      (1)  |       0.188     |      0.240    |     0.199    |
| 516 | 377  |     Heredity     |  mol_h2o: 4 |     -0.725    |    81.614    | P1      (1)  |       0.255     |      0.292    |     0.163    |
| 585 | 378  |     Heredity     |  mol_h2o: 4 |     -0.724    |    81.583    | P1      (1)  |       0.236     |      0.282    |     0.185    |
| 202 | 379  |     Heredity     |  mol_h2o: 4 |     -0.724    |    81.607    | P1      (1)  |       0.195     |      0.240    |     0.195    |
| 468 | 380  |     Heredity     |  mol_h2o: 4 |     -0.724    |    81.599    | P1      (1)  |       0.212     |      0.244    |     0.144    |
| 270 | 381  |     Heredity     |  mol_h2o: 4 |     -0.724    |    81.624    | P1      (1)  |       0.210     |      0.266    |     0.210    |
| 358 | 382  |     Heredity     |  mol_h2o: 4 |     -0.724    |    81.615    | P1      (1)  |       0.188     |      0.231    |     0.194    |
| 542 | 383  | Softmodemutation |  mol_h2o: 4 |     -0.724    |    81.614    | P1      (1)  |       0.214     |      0.262    |     0.192    |
| 396 | 384  |     Heredity     |  mol_h2o: 4 |     -0.724    |    81.644    | P1      (1)  |       0.176     |      0.206    |     0.146    |
| 520 | 385  |     Heredity     |  mol_h2o: 4 |     -0.724    |    81.580    | P1      (1)  |       0.170     |      0.219    |     0.215    |
| 429 | 386  |     Heredity     |  mol_h2o: 4 |     -0.724    |    81.616    | P1      (1)  |       0.184     |      0.238    |     0.214    |
| 269 | 387  |     Heredity     |  mol_h2o: 4 |     -0.724    |    81.620    | P1      (1)  |       0.193     |      0.236    |     0.183    |
| 336 | 388  |     Heredity     |  mol_h2o: 4 |     -0.724    |    81.612    | P1      (1)  |       0.205     |      0.259    |     0.208    |
| 454 | 389  |     Heredity     |  mol_h2o: 4 |     -0.724    |    81.603    | P1      (1)  |       0.182     |      0.226    |     0.189    |
| 772 | 390  |     Heredity     |  mol_h2o: 4 |     -0.724    |    81.597    | P1      (1)  |       0.204     |      0.253    |     0.204    |
| 563 | 391  |     Heredity     |  mol_h2o: 4 |     -0.723    |    81.590    | P1      (1)  |       0.195     |      0.250    |     0.217    |
| 492 | 392  |     Heredity     |  mol_h2o: 4 |     -0.723    |    81.611    | P1      (1)  |       0.216     |      0.258    |     0.185    |
|  30 | 393  | Softmodemutation |  mol_h2o: 4 |     -0.723    |    81.624    | P1      (1)  |       0.219     |      0.271    |     0.192    |
| 748 | 394  |     Heredity     |  mol_h2o: 4 |     -0.723    |    81.592    | P1      (1)  |       0.232     |      0.250    |     0.094    |
| 584 | 395  |     Heredity     |  mol_h2o: 4 |     -0.723    |    81.628    | P1      (1)  |       0.193     |      0.237    |     0.194    |
| 459 | 396  |     Heredity     |  mol_h2o: 4 |     -0.723    |    81.601    | P1      (1)  |       0.198     |      0.247    |     0.193    |
| 725 | 397  |     Heredity     |  mol_h2o: 4 |     -0.723    |    81.614    | P1      (1)  |       0.189     |      0.224    |     0.160    |
| 237 | 398  |     Heredity     |  mol_h2o: 4 |     -0.723    |    81.617    | P1      (1)  |       0.247     |      0.287    |     0.142    |
| 464 | 399  |     Heredity     |  mol_h2o: 4 |     -0.722    |    81.603    | P1      (1)  |       0.180     |      0.231    |     0.214    |
| 106 | 400  |     Heredity     |  mol_h2o: 4 |     -0.722    |    81.655    | P1      (1)  |       0.172     |      0.223    |     0.218    |
| 705 | 401  | Softmodemutation |  mol_h2o: 4 |     -0.722    |    81.637    | P1      (1)  |       0.196     |      0.243    |     0.196    |
| 529 | 402  |     Heredity     |  mol_h2o: 4 |     -0.722    |    81.601    | P1      (1)  |       0.208     |      0.258    |     0.210    |
| 873 | 403  |     Heredity     |  mol_h2o: 4 |     -0.722    |    81.612    | P1      (1)  |       0.188     |      0.234    |     0.199    |
| 433 | 404  |     Heredity     |  mol_h2o: 4 |     -0.722    |    81.594    | P1      (1)  |       0.170     |      0.221    |     0.217    |
| 528 | 405  |     Heredity     |  mol_h2o: 4 |     -0.722    |    81.582    | P1      (1)  |       0.182     |      0.225    |     0.186    |
| 394 | 406  |     Heredity     |  mol_h2o: 4 |     -0.721    |    81.605    | P1      (1)  |       0.202     |      0.244    |     0.186    |
| 303 | 407  |     Heredity     |  mol_h2o: 4 |     -0.721    |    81.643    | P1      (1)  |       0.180     |      0.223    |     0.183    |
| 323 | 408  |     Heredity     |  mol_h2o: 4 |     -0.721    |    81.610    | P1      (1)  |       0.205     |      0.250    |     0.193    |
| 230 | 409  |     Heredity     |  mol_h2o: 4 |     -0.721    |    81.625    | P1      (1)  |       0.206     |      0.249    |     0.190    |
| 258 | 410  |     Heredity     |  mol_h2o: 4 |     -0.721    |    81.625    | P1      (1)  |       0.202     |      0.239    |     0.154    |
| 289 | 411  |     Heredity     |  mol_h2o: 4 |     -0.721    |    81.614    | P1      (1)  |       0.178     |      0.229    |     0.204    |
| 583 | 412  |     Heredity     |  mol_h2o: 4 |     -0.721    |    81.596    | P1      (1)  |       0.190     |      0.222    |     0.138    |
| 808 | 413  |     Heredity     |  mol_h2o: 4 |     -0.721    |    81.584    | P1      (1)  |       0.198     |      0.253    |     0.209    |
| 849 | 414  |     Heredity     |  mol_h2o: 4 |     -0.721    |    81.592    | P1      (1)  |       0.230     |      0.258    |     0.115    |
| 302 | 415  |     Heredity     |  mol_h2o: 4 |     -0.720    |    81.613    | P1      (1)  |       0.282     |      0.293    |     0.048    |
| 430 | 416  |     Heredity     |  mol_h2o: 4 |     -0.720    |    81.624    | P1      (1)  |       0.207     |      0.256    |     0.198    |
| 747 | 417  |     Heredity     |  mol_h2o: 4 |     -0.720    |    81.579    | P1      (1)  |       0.170     |      0.206    |     0.173    |
| 519 | 418  |     Heredity     |  mol_h2o: 4 |     -0.720    |    81.625    | P1      (1)  |       0.206     |      0.257    |     0.214    |
| 739 | 419  |     Heredity     |  mol_h2o: 4 |     -0.720    |    81.612    | P1      (1)  |       0.203     |      0.237    |     0.154    |
| 654 | 420  |     Heredity     |  mol_h2o: 4 |     -0.720    |    81.616    | P1      (1)  |       0.208     |      0.249    |     0.189    |
| 252 | 421  |     Heredity     |  mol_h2o: 4 |     -0.719    |    81.625    | P1      (1)  |       0.195     |      0.237    |     0.168    |
| 627 | 422  |     Heredity     |  mol_h2o: 4 |     -0.719    |    81.598    | P1      (1)  |       0.190     |      0.247    |     0.226    |
| 187 | 423  | Softmodemutation |  mol_h2o: 4 |     -0.719    |    81.598    | P1      (1)  |       0.181     |      0.226    |     0.197    |
| 193 | 424  |     Heredity     |  mol_h2o: 4 |     -0.719    |    81.634    | P1      (1)  |       0.203     |      0.258    |     0.211    |
| 504 | 425  |     RandTop      |  mol_h2o: 4 |     -0.719    |    81.634    | P1      (1)  |       0.263     |      0.301    |     0.147    |
| 616 | 426  |     Heredity     |  mol_h2o: 4 |     -0.719    |    81.577    | P1      (1)  |       0.171     |      0.223    |     0.208    |
| 596 | 427  |     Heredity     |  mol_h2o: 4 |     -0.718    |    81.616    | P1      (1)  |       0.218     |      0.261    |     0.197    |
| 223 | 428  |     Heredity     |  mol_h2o: 4 |     -0.718    |    81.621    | P1      (1)  |       0.283     |      0.297    |     0.054    |
| 496 | 429  |     Heredity     |  mol_h2o: 4 |     -0.718    |    81.619    | P1      (1)  |       0.201     |      0.251    |     0.200    |
| 720 | 430  |     Heredity     |  mol_h2o: 4 |     -0.718    |    81.611    | P1      (1)  |       0.177     |      0.234    |     0.217    |
| 425 | 431  |     Heredity     |  mol_h2o: 4 |     -0.718    |    81.596    | P1      (1)  |       0.201     |      0.252    |     0.199    |
| 446 | 432  | Softmodemutation |  mol_h2o: 4 |     -0.717    |    81.588    | P1      (1)  |       0.199     |      0.250    |     0.200    |
| 807 | 433  |     Heredity     |  mol_h2o: 4 |     -0.717    |    81.589    | P1      (1)  |       0.182     |      0.218    |     0.160    |
| 649 | 434  |     Heredity     |  mol_h2o: 4 |     -0.717    |    81.610    | P1      (1)  |       0.199     |      0.247    |     0.206    |
| 204 | 435  |     Heredity     |  mol_h2o: 4 |     -0.717    |    81.609    | P1      (1)  |       0.169     |      0.212    |     0.189    |
| 780 | 436  |     Heredity     |  mol_h2o: 4 |     -0.717    |    81.590    | P1      (1)  |       0.197     |      0.262    |     0.221    |
| 259 | 437  |     Heredity     |  mol_h2o: 4 |     -0.717    |    81.633    | P1      (1)  |       0.202     |      0.245    |     0.178    |
| 878 | 438  |     Heredity     |  mol_h2o: 4 |     -0.717    |    81.579    | P1      (1)  |       0.186     |      0.245    |     0.217    |
| 785 | 439  |     Heredity     |  mol_h2o: 4 |     -0.717    |    81.590    | P2      (3)  |       0.231     |      0.288    |     0.205    |
| 614 | 440  |     Heredity     |  mol_h2o: 4 |     -0.717    |    81.589    | P1      (1)  |       0.183     |      0.225    |     0.184    |
| 530 | 441  |     Heredity     |  mol_h2o: 4 |     -0.717    |    81.608    | P2      (3)  |       0.216     |      0.283    |     0.221    |
| 876 | 442  |     Heredity     |  mol_h2o: 4 |     -0.717    |    81.621    | P1      (1)  |       0.181     |      0.226    |     0.190    |
| 778 | 443  |     Heredity     |  mol_h2o: 4 |     -0.717    |    81.619    | P1      (1)  |       0.185     |      0.219    |     0.159    |
| 267 | 444  |     Heredity     |  mol_h2o: 4 |     -0.716    |    81.597    | P1      (1)  |       0.225     |      0.258    |     0.144    |
| 749 | 445  |     Heredity     |  mol_h2o: 4 |     -0.716    |    81.612    | P1      (1)  |       0.200     |      0.222    |     0.112    |
| 622 | 446  |     Heredity     |  mol_h2o: 4 |     -0.716    |    81.562    | P1      (1)  |       0.206     |      0.243    |     0.164    |
| 463 | 447  |     Heredity     |  mol_h2o: 4 |     -0.716    |    81.608    | P1      (1)  |       0.173     |      0.238    |     0.236    |
|  66 | 448  | Softmodemutation |  mol_h2o: 4 |     -0.716    |    81.616    | P1      (1)  |       0.177     |      0.226    |     0.204    |
| 845 | 449  |     Heredity     |  mol_h2o: 4 |     -0.715    |    81.592    | P1      (1)  |       0.182     |      0.227    |     0.197    |
| 543 | 450  | Softmodemutation |  mol_h2o: 4 |     -0.715    |    81.583    | P1      (1)  |       0.218     |      0.267    |     0.180    |
| 415 | 451  | Softmodemutation |  mol_h2o: 4 |     -0.715    |    81.610    | P1      (1)  |       0.172     |      0.217    |     0.191    |
| 166 | 452  |     Heredity     |  mol_h2o: 4 |     -0.715    |    81.646    | P1      (1)  |       0.208     |      0.251    |     0.183    |
| 383 | 453  |     Heredity     |  mol_h2o: 4 |     -0.715    |    81.628    | P1      (1)  |       0.190     |      0.232    |     0.189    |
| 404 | 454  |     RandTop      |  mol_h2o: 4 |     -0.715    |    81.616    | P1      (1)  |       0.179     |      0.228    |     0.209    |
| 587 | 455  |     Heredity     |  mol_h2o: 4 |     -0.715    |    81.600    | P1      (1)  |       0.189     |      0.238    |     0.208    |
| 155 | 456  | Softmodemutation |  mol_h2o: 4 |     -0.714    |    81.615    | P1      (1)  |       0.210     |      0.254    |     0.170    |
| 493 | 457  |     Heredity     |  mol_h2o: 4 |     -0.714    |    81.612    | P1      (1)  |       0.239     |      0.278    |     0.169    |
|  50 | 458  |     Heredity     |  mol_h2o: 4 |     -0.714    |    81.615    | P1      (1)  |       0.262     |      0.295    |     0.122    |
|  60 | 459  | Softmodemutation |  mol_h2o: 4 |     -0.714    |    81.641    | P1      (1)  |       0.195     |      0.217    |     0.110    |
|  99 | 460  | Softmodemutation |  mol_h2o: 4 |     -0.713    |    81.648    | P1      (1)  |       0.166     |      0.221    |     0.224    |
| 263 | 461  |     Heredity     |  mol_h2o: 4 |     -0.713    |    81.624    | P1      (1)  |       0.208     |      0.246    |     0.160    |
| 279 | 462  | Softmodemutation |  mol_h2o: 4 |     -0.713    |    81.624    | P1      (1)  |       0.192     |      0.241    |     0.204    |
| 673 | 463  | Softmodemutation |  mol_h2o: 4 |     -0.713    |    81.628    | P1      (1)  |       0.185     |      0.215    |     0.143    |
| 284 | 464  |     Heredity     |  mol_h2o: 4 |     -0.713    |    81.632    | P1      (1)  |       0.206     |      0.249    |     0.173    |
| 645 | 465  |     Heredity     |  mol_h2o: 4 |     -0.712    |    81.584    | P1      (1)  |       0.209     |      0.254    |     0.193    |
|  45 | 466  |     Heredity     |  mol_h2o: 4 |     -0.712    |    81.607    | P1      (1)  |       0.189     |      0.239    |     0.196    |
| 781 | 467  |     Heredity     |  mol_h2o: 4 |     -0.712    |    81.594    | P1      (1)  |       0.179     |      0.229    |     0.208    |
| 161 | 468  |     Heredity     |  mol_h2o: 4 |     -0.711    |    81.603    | P1      (1)  |       0.204     |      0.257    |     0.200    |
| 280 | 469  | Softmodemutation |  mol_h2o: 4 |     -0.711    |    81.624    | P1      (1)  |       0.206     |      0.260    |     0.202    |
| 523 | 470  |     Heredity     |  mol_h2o: 4 |     -0.711    |    81.619    | P1      (1)  |       0.203     |      0.248    |     0.184    |
| 495 | 471  |     Heredity     |  mol_h2o: 4 |     -0.711    |    81.606    | P1      (1)  |       0.193     |      0.243    |     0.208    |
| 171 | 472  |     Heredity     |  mol_h2o: 4 |     -0.711    |    81.627    | P1      (1)  |       0.199     |      0.241    |     0.182    |
| 549 | 473  |     Heredity     |  mol_h2o: 4 |     -0.711    |    81.616    | P1      (1)  |       0.181     |      0.226    |     0.195    |
| 327 | 474  |     Heredity     |  mol_h2o: 4 |     -0.711    |    81.580    | P1      (1)  |       0.208     |      0.248    |     0.164    |
|  83 | 475  |     Heredity     |  mol_h2o: 4 |     -0.711    |    81.648    | P1      (1)  |       0.205     |      0.237    |     0.148    |
| 294 | 476  |     Heredity     |  mol_h2o: 4 |     -0.710    |    81.621    | P1      (1)  |       0.292     |      0.309    |     0.067    |
| 200 | 477  |     Heredity     |  mol_h2o: 4 |     -0.710    |    81.594    | P1      (1)  |       0.171     |      0.221    |     0.204    |
| 722 | 478  |     Heredity     |  mol_h2o: 4 |     -0.710    |    81.594    | P1      (1)  |       0.182     |      0.221    |     0.175    |
| 847 | 479  |     Heredity     |  mol_h2o: 4 |     -0.709    |    81.609    | P1      (1)  |       0.184     |      0.228    |     0.189    |
| 293 | 480  |     Heredity     |  mol_h2o: 4 |     -0.709    |    81.625    | P1      (1)  |       0.262     |      0.263    |     0.008    |
| 368 | 481  |     Heredity     |  mol_h2o: 4 |     -0.709    |    81.614    | P1      (1)  |       0.261     |      0.274    |     0.056    |
| 226 | 482  |     Heredity     |  mol_h2o: 4 |     -0.709    |    81.607    | P1      (1)  |       0.295     |      0.304    |     0.039    |
| 310 | 483  |     RandSym      |  mol_h2o: 4 |     -0.708    |    81.627    | P1      (1)  |       0.329     |      0.345    |     0.056    |
|  80 | 484  |     Heredity     |  mol_h2o: 4 |     -0.707    |    81.604    | P1      (1)  |       0.174     |      0.240    |     0.241    |
| 455 | 485  |     Heredity     |  mol_h2o: 4 |     -0.707    |    81.631    | P1      (1)  |       0.196     |      0.234    |     0.161    |
| 655 | 486  |     Heredity     |  mol_h2o: 4 |     -0.707    |    81.575    | P1      (1)  |       0.203     |      0.225    |     0.105    |
| 590 | 487  |     Heredity     |  mol_h2o: 4 |     -0.706    |    81.599    | Pc      (7)  |       0.185     |      0.222    |     0.168    |
| 565 | 488  |     RandTop      |  mol_h2o: 4 |     -0.706    |    81.615    | P1      (1)  |       0.181     |      0.229    |     0.201    |
| 450 | 489  |     Heredity     |  mol_h2o: 4 |     -0.706    |    81.617    | Pc      (7)  |       0.308     |      0.327    |     0.063    |
| 324 | 490  |     Heredity     |  mol_h2o: 4 |     -0.706    |    81.603    | P1      (1)  |       0.300     |      0.308    |     0.029    |
| 168 | 491  |     Heredity     |  mol_h2o: 4 |     -0.705    |    81.628    | P1      (1)  |       0.222     |      0.275    |     0.199    |
|  37 | 492  | Softmodemutation |  mol_h2o: 4 |     -0.705    |    81.599    | P1      (1)  |       0.214     |      0.257    |     0.165    |
| 886 | 493  |     Heredity     |  mol_h2o: 4 |     -0.704    |    81.596    | P1      (1)  |       0.184     |      0.225    |     0.176    |
| 848 | 494  |     Heredity     |  mol_h2o: 4 |     -0.704    |    81.610    | P1      (1)  |       0.199     |      0.243    |     0.186    |
| 251 | 495  |     Heredity     |  mol_h2o: 4 |     -0.704    |    81.601    | P1      (1)  |       0.272     |      0.289    |     0.070    |
| 461 | 496  |     Heredity     |  mol_h2o: 4 |     -0.704    |    81.615    | P1      (1)  |       0.171     |      0.222    |     0.209    |
| 816 | 497  |     Heredity     |  mol_h2o: 4 |     -0.703    |    81.613    | P1      (1)  |       0.197     |      0.224    |     0.123    |
| 884 | 498  |     Heredity     |  mol_h2o: 4 |     -0.703    |    81.594    | P1      (1)  |       0.183     |      0.224    |     0.175    |
|  39 | 499  |     Heredity     |  mol_h2o: 4 |     -0.703    |    81.641    | Pc      (7)  |       0.229     |      0.240    |     0.050    |
|  74 | 500  |     Heredity     |  mol_h2o: 4 |     -0.702    |    81.653    | P1      (1)  |       0.222     |      0.240    |     0.085    |
| 285 | 501  |     Heredity     |  mol_h2o: 4 |     -0.702    |    81.640    | P1      (1)  |       0.264     |      0.277    |     0.056    |
| 426 | 502  |     Heredity     |  mol_h2o: 4 |     -0.702    |    81.585    | P1      (1)  |       0.190     |      0.241    |     0.208    |
| 644 | 503  |     Heredity     |  mol_h2o: 4 |     -0.701    |    81.596    | P1      (1)  |       0.211     |      0.256    |     0.185    |
| 883 | 504  |     Heredity     |  mol_h2o: 4 |     -0.701    |    81.597    | Cm      (8)  |       0.275     |      0.287    |     0.047    |
| 152 | 505  |     RandSym      |  mol_h2o: 4 |     -0.700    |    81.615    | P1      (1)  |       0.207     |      0.245    |     0.161    |
| 191 | 506  |     Heredity     |  mol_h2o: 4 |     -0.700    |    81.607    | P1      (1)  |       0.251     |      0.265    |     0.060    |
| 123 | 507  | Softmodemutation |  mol_h2o: 4 |     -0.700    |    81.614    | P1      (1)  |       0.223     |      0.258    |     0.168    |
| 122 | 508  | Softmodemutation |  mol_h2o: 4 |     -0.700    |    81.614    | P1      (1)  |       0.172     |      0.222    |     0.211    |
| 101 | 509  |     Heredity     |  mol_h2o: 4 |     -0.700    |    81.614    | P1      (1)  |       0.186     |      0.237    |     0.212    |
| 138 | 510  |     Heredity     |  mol_h2o: 4 |     -0.700    |    81.598    | P1      (1)  |       0.221     |      0.263    |     0.160    |
|  32 | 511  | Softmodemutation |  mol_h2o: 4 |     -0.699    |    81.615    | P1      (1)  |       0.184     |      0.231    |     0.196    |
| 292 | 512  |     Heredity     |  mol_h2o: 4 |     -0.699    |    81.619    | P1      (1)  |       0.273     |      0.289    |     0.064    |
|  12 | 513  |     RandTop      |  mol_h2o: 4 |     -0.698    |    81.615    | P1      (1)  |       0.179     |      0.224    |     0.193    |
| 500 | 514  |     Heredity     |  mol_h2o: 4 |     -0.698    |    81.610    | P1      (1)  |       0.178     |      0.231    |     0.223    |
|  33 | 515  | Softmodemutation |  mol_h2o: 4 |     -0.698    |    81.615    | P1      (1)  |       0.173     |      0.221    |     0.200    |
| 162 | 516  |     Heredity     |  mol_h2o: 4 |     -0.697    |    81.621    | P1      (1)  |       0.202     |      0.252    |     0.197    |
|  98 | 517  | Softmodemutation |  mol_h2o: 4 |     -0.697    |    81.648    | P1      (1)  |       0.190     |      0.239    |     0.211    |
|  90 | 518  |     RandSym      |  mol_h2o: 4 |     -0.695    |    81.603    | P1      (1)  |       0.211     |      0.233    |     0.102    |
| 246 | 519  | Softmodemutation |  mol_h2o: 4 |     -0.695    |    81.598    | P1      (1)  |       0.175     |      0.225    |     0.209    |
| 369 | 520  |     Heredity     |  mol_h2o: 4 |     -0.694    |    81.613    | P1      (1)  |       0.176     |      0.229    |     0.212    |
| 319 | 521  |     Heredity     |  mol_h2o: 4 |     -0.694    |    81.607    | P1      (1)  |       0.178     |      0.233    |     0.219    |
| 862 | 522  |     RandSym      |  mol_h2o: 4 |     -0.694    |    81.615    | P1      (1)  |       0.184     |      0.229    |     0.189    |
| 188 | 523  | Softmodemutation |  mol_h2o: 4 |     -0.693    |    81.598    | P1      (1)  |       0.168     |      0.218    |     0.215    |
| 220 | 524  |     Heredity     |  mol_h2o: 4 |     -0.693    |    81.631    | P1      (1)  |       0.175     |      0.223    |     0.204    |
| 305 | 525  |     RandTop      |  mol_h2o: 4 |     -0.692    |    81.598    | P2_1    (4)  |       0.203     |      0.229    |     0.106    |
|  72 | 526  |     Heredity     |  mol_h2o: 4 |     -0.692    |    81.616    | P1      (1)  |       0.181     |      0.237    |     0.222    |
| 329 | 527  |     Heredity     |  mol_h2o: 4 |     -0.692    |    81.634    | P1      (1)  |       0.189     |      0.233    |     0.193    |
| 272 | 528  |     RandTop      |  mol_h2o: 4 |     -0.691    |    81.596    | Pna2_1  (33) |       0.214     |      0.244    |     0.121    |
| 756 | 529  |     Heredity     |  mol_h2o: 4 |     -0.689    |    81.592    | P1      (1)  |       0.229     |      0.260    |     0.122    |
| 117 | 530  |     RandTop      |  mol_h2o: 4 |     -0.689    |    81.624    | P1      (1)  |       0.175     |      0.229    |     0.213    |
| 271 | 531  |     Heredity     |  mol_h2o: 4 |     -0.688    |    81.603    | P1      (1)  |       0.188     |      0.237    |     0.195    |
| 451 | 532  |     Heredity     |  mol_h2o: 4 |     -0.687    |    81.634    | P1      (1)  |       0.193     |      0.218    |     0.116    |
| 401 | 533  |     Heredity     |  mol_h2o: 4 |     -0.687    |    81.629    | P1      (1)  |       0.268     |      0.285    |     0.067    |
| 163 | 534  |     Heredity     |  mol_h2o: 4 |     -0.687    |    81.616    | P1      (1)  |       0.205     |      0.234    |     0.127    |
| 167 | 535  |     Heredity     |  mol_h2o: 4 |     -0.686    |    81.607    | P1      (1)  |       0.167     |      0.218    |     0.213    |
| 170 | 536  |     Heredity     |  mol_h2o: 4 |     -0.683    |    81.627    | P1      (1)  |       0.173     |      0.228    |     0.214    |
| 146 | 537  |     Heredity     |  mol_h2o: 4 |     -0.682    |    81.617    | P1      (1)  |       0.191     |      0.235    |     0.179    |
| 165 | 538  |     Heredity     |  mol_h2o: 4 |     -0.679    |    81.627    | P1      (1)  |       0.163     |      0.198    |     0.170    |
| 434 | 539  |     Heredity     |  mol_h2o: 4 |     -0.679    |    81.628    | P1      (1)  |       0.181     |      0.240    |     0.226    |
| 632 | 540  |     RandSym      |  mol_h2o: 4 |     -0.679    |    81.622    | P2_1    (4)  |       0.322     |      0.330    |     0.035    |
| 128 | 541  |     Heredity     |  mol_h2o: 4 |     -0.679    |    81.618    | P1      (1)  |       0.204     |      0.265    |     0.219    |
| 408 | 542  |     RandSym      |  mol_h2o: 4 |     -0.675    |    81.595    | P1      (1)  |       0.173     |      0.225    |     0.211    |
| 342 | 543  |     RandSym      |  mol_h2o: 4 |     -0.675    |    81.616    | P1      (1)  |       0.247     |      0.269    |     0.091    |
| 715 | 544  |     Heredity     |  mol_h2o: 4 |     -0.675    |    81.571    | P1      (1)  |       0.206     |      0.246    |     0.171    |
| 260 | 545  |     Heredity     |  mol_h2o: 4 |     -0.672    |    81.619    | P1      (1)  |       0.186     |      0.228    |     0.176    |
| 634 | 546  |     RandSym      |  mol_h2o: 4 |     -0.671    |    81.619    | P1      (1)  |       0.181     |      0.226    |     0.193    |
| 108 | 547  |     Heredity     |  mol_h2o: 4 |     -0.669    |    81.640    | P1      (1)  |       0.172     |      0.228    |     0.222    |
| 110 | 548  |     Heredity     |  mol_h2o: 4 |     -0.669    |    81.638    | P1      (1)  |       0.186     |      0.233    |     0.187    |
| 829 | 549  |     RandSym      |  mol_h2o: 4 |     -0.669    |    81.599    | P1      (1)  |       0.185     |      0.251    |     0.238    |
| 792 | 550  |     RandTop      |  mol_h2o: 4 |     -0.668    |    81.623    | P1      (1)  |       0.190     |      0.222    |     0.150    |
| 114 | 551  |     Heredity     |  mol_h2o: 4 |     -0.668    |    81.633    | P1      (1)  |       0.156     |      0.207    |     0.222    |
| 214 | 552  | Softmodemutation |  mol_h2o: 4 |     -0.667    |    81.598    | P1      (1)  |       0.165     |      0.221    |     0.231    |
| 453 | 553  |     Heredity     |  mol_h2o: 4 |     -0.667    |    81.601    | P1      (1)  |       0.273     |      0.294    |     0.086    |
| 473 | 554  |     RandSym      |  mol_h2o: 4 |     -0.667    |    81.596    | P1      (1)  |       0.285     |      0.304    |     0.075    |
| 107 | 555  |     Heredity     |  mol_h2o: 4 |     -0.667    |    81.650    | P1      (1)  |       0.219     |      0.243    |     0.120    |
| 544 | 556  | Softmodemutation |  mol_h2o: 4 |     -0.664    |    81.619    | P1      (1)  |       0.158     |      0.209    |     0.221    |
| 105 | 557  |     Heredity     |  mol_h2o: 4 |     -0.664    |    81.599    | P1      (1)  |       0.238     |      0.268    |     0.118    |
| 211 | 558  |     RandSym      |  mol_h2o: 4 |     -0.664    |    81.606    | P1      (1)  |       0.222     |      0.264    |     0.164    |
|  6  | 559  |     RandTop      |  mol_h2o: 4 |     -0.662    |    81.621    | P1      (1)  |       0.178     |      0.235    |     0.228    |
| 633 | 560  |     RandSym      |  mol_h2o: 4 |     -0.662    |    81.621    | P1      (1)  |       0.215     |      0.270    |     0.195    |
|  68 | 561  | Softmodemutation |  mol_h2o: 4 |     -0.657    |    81.623    | P1      (1)  |       0.163     |      0.221    |     0.237    |
|  52 | 562  |     Heredity     |  mol_h2o: 4 |     -0.657    |    81.623    | P1      (1)  |       0.163     |      0.219    |     0.231    |
| 104 | 563  |     Heredity     |  mol_h2o: 4 |     -0.656    |    81.606    | P1      (1)  |       0.184     |      0.217    |     0.151    |
| 665 | 564  |     RandSym      |  mol_h2o: 4 |     -0.656    |    81.598    | P1      (1)  |       0.209     |      0.247    |     0.170    |
|  55 | 565  |     RandTop      |  mol_h2o: 4 |     -0.654    |    81.617    | P1      (1)  |       0.212     |      0.268    |     0.214    |
| 139 | 566  |     Heredity     |  mol_h2o: 4 |     -0.653    |    81.611    | P1      (1)  |       0.198     |      0.254    |     0.207    |
| 245 | 567  | Softmodemutation |  mol_h2o: 4 |     -0.653    |    81.598    | P1      (1)  |       0.167     |      0.217    |     0.214    |
| 130 | 568  |     Heredity     |  mol_h2o: 4 |     -0.650    |    81.617    | P1      (1)  |       0.174     |      0.235    |     0.235    |
| 147 | 569  |     RandTop      |  mol_h2o: 4 |     -0.649    |    81.619    | P1      (1)  |       0.176     |      0.233    |     0.226    |
|  59 | 570  |     RandSym      |  mol_h2o: 4 |     -0.648    |    81.604    | P1      (1)  |       0.225     |      0.257    |     0.131    |
|  67 | 571  | Softmodemutation |  mol_h2o: 4 |     -0.647    |    81.616    | P1      (1)  |       0.166     |      0.217    |     0.209    |
| 338 | 572  |     RandTop      |  mol_h2o: 4 |     -0.647    |    81.617    | P1      (1)  |       0.204     |      0.254    |     0.203    |
| 300 | 573  |     Heredity     |  mol_h2o: 4 |     -0.646    |    81.623    | P1      (1)  |       0.209     |      0.256    |     0.185    |
| 891 | 574  |     RandTop      |  mol_h2o: 4 |     -0.643    |    81.614    | P1      (1)  |       0.165     |      0.221    |     0.227    |
| 115 | 575  |     Heredity     |  mol_h2o: 4 |     -0.643    |    81.631    | P1      (1)  |       0.156     |      0.226    |     0.251    |
| 825 | 576  |     RandTop      |  mol_h2o: 4 |     -0.643    |    81.617    | P1      (1)  |       0.224     |      0.269    |     0.177    |
|  78 | 577  |     Heredity     |  mol_h2o: 4 |     -0.642    |    81.586    | P1      (1)  |       0.162     |      0.215    |     0.212    |
| 195 | 578  |     Heredity     |  mol_h2o: 4 |     -0.637    |    81.604    | P1      (1)  |       0.224     |      0.259    |     0.140    |
| 503 | 579  |     RandTop      |  mol_h2o: 4 |     -0.637    |    81.623    | P1      (1)  |       0.165     |      0.216    |     0.216    |
| 438 | 580  |     RandTop      |  mol_h2o: 4 |     -0.634    |    81.598    | P1      (1)  |       0.174     |      0.223    |     0.200    |
| 256 | 581  |     Heredity     |  mol_h2o: 4 |     -0.633    |    81.604    | P1      (1)  |       0.182     |      0.237    |     0.225    |
| 857 | 582  |     RandTop      |  mol_h2o: 4 |     -0.633    |    81.615    | P1      (1)  |       0.230     |      0.277    |     0.177    |
| 339 | 583  |     RandTop      |  mol_h2o: 4 |     -0.633    |    81.614    | P1      (1)  |       0.193     |      0.247    |     0.217    |
| 374 | 584  |     RandSym      |  mol_h2o: 4 |     -0.631    |    81.614    | P1      (1)  |       0.224     |      0.265    |     0.172    |
| 134 | 585  |     Heredity     |  mol_h2o: 4 |     -0.630    |    81.635    | P1      (1)  |       0.159     |      0.200    |     0.193    |
| 793 | 586  |     RandTop      |  mol_h2o: 4 |     -0.628    |    81.617    | P1      (1)  |       0.224     |      0.270    |     0.189    |
| 194 | 587  |     Heredity     |  mol_h2o: 4 |     -0.627    |    81.633    | P1      (1)  |       0.176     |      0.228    |     0.213    |
| 564 | 588  |     Heredity     |  mol_h2o: 4 |     -0.625    |    81.610    | P1      (1)  |       0.153     |      0.211    |     0.236    |
|  51 | 589  |     Heredity     |  mol_h2o: 4 |     -0.625    |    81.624    | P1      (1)  |       0.171     |      0.214    |     0.188    |
| 690 | 590  |     Heredity     |  mol_h2o: 4 |     -0.622    |    81.603    | Cm      (8)  |       0.298     |      0.304    |     0.031    |
|  73 | 591  |     Heredity     |  mol_h2o: 4 |     -0.620    |    81.632    | P1      (1)  |       0.230     |      0.258    |     0.119    |
| 570 | 592  |     RandSym      |  mol_h2o: 4 |     -0.618    |    81.610    | P1      (1)  |       0.261     |      0.282    |     0.084    |
|  29 | 593  |     RandSym      |  mol_h2o: 4 |     -0.617    |    81.621    | Fmm2    (42) |       0.331     |      0.350    |     0.060    |
| 277 | 594  |     RandSym      |  mol_h2o: 4 |     -0.616    |    81.621    | Cm      (8)  |       0.256     |      0.292    |     0.137    |
| 112 | 595  |     Heredity     |  mol_h2o: 4 |     -0.616    |    81.623    | P1      (1)  |       0.155     |      0.225    |     0.250    |
| 827 | 596  |     RandSym      |  mol_h2o: 4 |     -0.615    |    81.621    | P1      (1)  |       0.248     |      0.277    |     0.121    |
|  85 | 597  |     RandTop      |  mol_h2o: 4 |     -0.614    |    81.616    | P1      (1)  |       0.170     |      0.223    |     0.221    |
|  24 | 598  |     RandSym      |  mol_h2o: 4 |     -0.613    |    81.591    | C2      (5)  |       0.275     |      0.286    |     0.046    |
| 135 | 599  |     Heredity     |  mol_h2o: 4 |     -0.613    |    81.623    | P1      (1)  |       0.222     |      0.256    |     0.141    |
| 175 | 600  |     RandTop      |  mol_h2o: 4 |     -0.612    |    81.626    | P1      (1)  |       0.167     |      0.221    |     0.220    |
| 474 | 601  |     RandSym      |  mol_h2o: 4 |     -0.609    |    81.606    | P1      (1)  |       0.182     |      0.233    |     0.212    |
| 893 | 602  |     RandSym      |  mol_h2o: 4 |     -0.608    |    81.621    | P1      (1)  |       0.259     |      0.297    |     0.139    |
|  7  | 603  |     RandTop      |  mol_h2o: 4 |     -0.607    |    81.626    | P1      (1)  |       0.167     |      0.215    |     0.208    |
| 470 | 604  |     RandTop      |  mol_h2o: 4 |     -0.607    |    81.617    | P1      (1)  |       0.205     |      0.266    |     0.225    |
|  41 | 605  |     Heredity     |  mol_h2o: 4 |     -0.606    |    81.621    | P1      (1)  |       0.197     |      0.227    |     0.120    |
| 151 | 606  |     RandSym      |  mol_h2o: 4 |     -0.604    |    81.619    | P1      (1)  |       0.196     |      0.252    |     0.217    |
| 149 | 607  |     RandTop      |  mol_h2o: 4 |     -0.604    |    81.590    | P1      (1)  |       0.186     |      0.250    |     0.244    |
| 136 | 608  |     Heredity     |  mol_h2o: 4 |     -0.603    |    81.619    | P1      (1)  |       0.167     |      0.227    |     0.237    |
| 728 | 609  |     RandTop      |  mol_h2o: 4 |     -0.602    |    81.596    | P1      (1)  |       0.170     |      0.233    |     0.241    |
| 727 | 610  |     RandTop      |  mol_h2o: 4 |     -0.601    |    81.624    | P1      (1)  |       0.156     |      0.199    |     0.201    |
|  22 | 611  |     RandSym      |  mol_h2o: 4 |     -0.600    |    81.621    | P1      (1)  |       0.250     |      0.272    |     0.087    |
| 174 | 612  |     Heredity     |  mol_h2o: 4 |     -0.600    |    81.604    | P1      (1)  |       0.172     |      0.223    |     0.216    |
| 537 | 613  |     RandSym      |  mol_h2o: 4 |     -0.599    |    81.621    | P1      (1)  |       0.264     |      0.290    |     0.095    |
|  4  | 614  |     RandTop      |  mol_h2o: 4 |     -0.597    |    81.590    | P1      (1)  |       0.190     |      0.237    |     0.188    |
| 140 | 615  |     Heredity     |  mol_h2o: 4 |     -0.596    |    81.619    | P1      (1)  |       0.148     |      0.208    |     0.239    |
| 731 | 616  |     RandSym      |  mol_h2o: 4 |     -0.596    |    81.621    | P1      (1)  |       0.240     |      0.261    |     0.087    |
| 181 | 617  |     RandSym      |  mol_h2o: 4 |     -0.596    |    81.621    | P1      (1)  |       0.246     |      0.283    |     0.128    |
| 222 | 618  |     Heredity     |  mol_h2o: 4 |     -0.595    |    81.621    | P1      (1)  |       0.222     |      0.246    |     0.107    |
| 664 | 619  |     RandTop      |  mol_h2o: 4 |     -0.594    |    81.588    | P1      (1)  |       0.172     |      0.217    |     0.201    |
| 546 | 620  |     Heredity     |  mol_h2o: 4 |     -0.593    |    81.621    | P1      (1)  |       0.204     |      0.243    |     0.166    |
| 189 | 621  |     Heredity     |  mol_h2o: 4 |     -0.593    |    81.633    | P1      (1)  |       0.198     |      0.236    |     0.160    |
| 591 | 622  |     Heredity     |  mol_h2o: 4 |     -0.590    |    81.623    | P1      (1)  |       0.153     |      0.210    |     0.239    |
|  27 | 623  |     RandSym      |  mol_h2o: 4 |     -0.588    |    81.611    | C2      (5)  |       0.305     |      0.318    |     0.054    |
| 119 | 624  |     RandSym      |  mol_h2o: 4 |     -0.588    |    81.611    | P1      (1)  |       0.213     |      0.231    |     0.084    |
| 694 | 625  |     RandTop      |  mol_h2o: 4 |     -0.586    |    81.613    | P1      (1)  |       0.189     |      0.232    |     0.181    |
|  47 | 626  |     Heredity     |  mol_h2o: 4 |     -0.585    |    81.624    | P1      (1)  |       0.164     |      0.217    |     0.226    |
| 441 | 627  |     RandSym      |  mol_h2o: 4 |     -0.583    |    81.623    | P1      (1)  |       0.222     |      0.257    |     0.161    |
|  49 | 628  |     Heredity     |  mol_h2o: 4 |     -0.581    |    81.618    | P1      (1)  |       0.149     |      0.202    |     0.224    |
| 109 | 629  |     Heredity     |  mol_h2o: 4 |     -0.579    |    81.600    | P1      (1)  |       0.172     |      0.219    |     0.203    |
| 545 | 630  | Softmodemutation |  mol_h2o: 4 |     -0.574    |    81.619    | P1      (1)  |       0.152     |      0.210    |     0.242    |
| 858 | 631  |     RandTop      |  mol_h2o: 4 |     -0.571    |    81.624    | P1      (1)  |       0.152     |      0.197    |     0.209    |
| 192 | 632  |     Heredity     |  mol_h2o: 4 |     -0.569    |    81.597    | P1      (1)  |       0.155     |      0.210    |     0.231    |
| 141 | 633  |     Heredity     |  mol_h2o: 4 |     -0.565    |    81.626    | P1      (1)  |       0.234     |      0.276    |     0.150    |
| 164 | 634  |     Heredity     |  mol_h2o: 4 |     -0.565    |    81.626    | P1      (1)  |       0.156     |      0.209    |     0.228    |
| 567 | 635  |     RandTop      |  mol_h2o: 4 |     -0.562    |    81.613    | P1      (1)  |       0.230     |      0.262    |     0.146    |
| 555 | 636  |     Heredity     |  mol_h2o: 4 |     -0.561    |    81.596    | P1      (1)  |       0.194     |      0.242    |     0.208    |
| 145 | 637  |     Heredity     |  mol_h2o: 4 |     -0.561    |    81.621    | P1      (1)  |       0.194     |      0.239    |     0.182    |
| 581 | 638  |     Heredity     |  mol_h2o: 4 |     -0.560    |    81.590    | P1      (1)  |       0.191     |      0.245    |     0.220    |
| 406 | 639  |     RandSym      |  mol_h2o: 4 |     -0.556    |    81.608    | P1      (1)  |       0.195     |      0.235    |     0.173    |
| 680 | 640  |     Heredity     |  mol_h2o: 4 |     -0.555    |    81.621    | Cm      (8)  |       0.276     |      0.287    |     0.048    |
|  82 | 641  |     Heredity     |  mol_h2o: 4 |     -0.554    |    81.616    | P1      (1)  |       0.181     |      0.236    |     0.223    |
|  11 | 642  |     RandTop      |  mol_h2o: 4 |     -0.549    |    81.588    | P1      (1)  |       0.164     |      0.215    |     0.215    |
| 173 | 643  |     Heredity     |  mol_h2o: 4 |     -0.549    |    81.606    | P1      (1)  |       0.202     |      0.227    |     0.116    |
| 559 | 644  |     Heredity     |  mol_h2o: 4 |     -0.542    |    81.597    | P1      (1)  |       0.166     |      0.225    |     0.234    |
| 763 | 645  |     RandSym      |  mol_h2o: 4 |     -0.541    |    81.593    | P1      (1)  |       0.163     |      0.215    |     0.216    |
|  48 | 646  |     Heredity     |  mol_h2o: 4 |     -0.538    |    81.627    | P1      (1)  |       0.198     |      0.228    |     0.134    |
| 244 | 647  |     RandSym      |  mol_h2o: 4 |     -0.538    |    81.599    | C2      (5)  |       0.311     |      0.317    |     0.033    |
| 198 | 648  |     Heredity     |  mol_h2o: 4 |     -0.537    |    81.618    | P1      (1)  |       0.212     |      0.248    |     0.167    |
|  75 | 649  |     Heredity     |  mol_h2o: 4 |     -0.533    |    81.638    | P1      (1)  |       0.165     |      0.206    |     0.184    |
| 759 | 650  |     RandTop      |  mol_h2o: 4 |     -0.533    |    81.598    | P1      (1)  |       0.182     |      0.232    |     0.208    |
| 436 | 651  |     RandTop      |  mol_h2o: 4 |     -0.532    |    81.595    | P1      (1)  |       0.161     |      0.218    |     0.229    |
| 795 | 652  |     RandSym      |  mol_h2o: 4 |     -0.531    |    81.620    | P1      (1)  |       0.219     |      0.254    |     0.169    |
| 341 | 653  |     RandSym      |  mol_h2o: 4 |     -0.527    |    81.619    | P1      (1)  |       0.172     |      0.225    |     0.217    |
| 370 | 654  |     RandTop      |  mol_h2o: 4 |     -0.525    |    81.601    | P2_1    (4)  |       0.197     |      0.242    |     0.194    |
| 176 | 655  |     RandTop      |  mol_h2o: 4 |     -0.524    |    81.630    | P1      (1)  |       0.196     |      0.243    |     0.192    |
| 726 | 656  |     RandTop      |  mol_h2o: 4 |     -0.521    |    81.617    | P1      (1)  |       0.190     |      0.246    |     0.215    |
| 599 | 657  |     RandTop      |  mol_h2o: 4 |     -0.521    |    81.586    | P1      (1)  |       0.167     |      0.214    |     0.203    |
| 169 | 658  |     Heredity     |  mol_h2o: 4 |     -0.518    |    81.606    | P1      (1)  |       0.182     |      0.231    |     0.203    |
| 894 | 659  |     RandSym      |  mol_h2o: 4 |     -0.518    |    81.633    | P1      (1)  |       0.196     |      0.237    |     0.172    |
| 403 | 660  |     RandTop      |  mol_h2o: 4 |     -0.511    |    81.601    | P1      (1)  |       0.160     |      0.226    |     0.249    |
| 208 | 661  |     RandTop      |  mol_h2o: 4 |     -0.504    |    81.613    | P1      (1)  |       0.168     |      0.225    |     0.217    |
| 196 | 662  |     Heredity     |  mol_h2o: 4 |     -0.503    |    81.636    | P1      (1)  |       0.156     |      0.221    |     0.243    |
| 686 | 663  |     Heredity     |  mol_h2o: 4 |     -0.503    |    81.628    | C2      (5)  |       0.261     |      0.270    |     0.034    |
| 120 | 664  |     RandSym      |  mol_h2o: 4 |     -0.501    |    81.608    | P1      (1)  |       0.171     |      0.228    |     0.227    |
| 129 | 665  |     Heredity     |  mol_h2o: 4 |     -0.499    |    81.632    | P1      (1)  |       0.148     |      0.202    |     0.229    |
| 172 | 666  |     Heredity     |  mol_h2o: 4 |     -0.499    |    81.614    | P1      (1)  |       0.156     |      0.197    |     0.193    |
|  76 | 667  |     Heredity     |  mol_h2o: 4 |     -0.496    |    81.597    | P1      (1)  |       0.222     |      0.250    |     0.114    |
| 337 | 668  |     RandTop      |  mol_h2o: 4 |     -0.491    |    81.613    | P1      (1)  |       0.160     |      0.216    |     0.229    |
| 890 | 669  |     RandTop      |  mol_h2o: 4 |     -0.490    |    81.621    | P1      (1)  |       0.202     |      0.247    |     0.190    |
| 440 | 670  |     RandSym      |  mol_h2o: 4 |     -0.489    |    81.593    | P1      (1)  |       0.233     |      0.267    |     0.149    |
|  43 | 671  |     Heredity     |  mol_h2o: 4 |     -0.485    |    81.635    | P1      (1)  |       0.162     |      0.219    |     0.233    |
| 697 | 672  |     RandSym      |  mol_h2o: 4 |     -0.484    |    81.600    | P1      (1)  |       0.190     |      0.254    |     0.241    |
| 760 | 673  |     RandTop      |  mol_h2o: 4 |     -0.483    |    81.608    | P1      (1)  |       0.153     |      0.191    |     0.182    |
| 131 | 674  |     Heredity     |  mol_h2o: 4 |     -0.479    |    81.638    | P1      (1)  |       0.163     |      0.213    |     0.216    |
| 257 | 675  |     Heredity     |  mol_h2o: 4 |     -0.477    |    81.603    | P1      (1)  |       0.236     |      0.268    |     0.139    |
|  8  | 676  |     RandTop      |  mol_h2o: 4 |     -0.476    |    81.626    | P1      (1)  |       0.166     |      0.223    |     0.230    |
| 308 | 677  |     RandSym      |  mol_h2o: 4 |     -0.471    |    81.619    | P1      (1)  |       0.174     |      0.228    |     0.220    |
| 469 | 678  |     RandTop      |  mol_h2o: 4 |     -0.468    |    81.613    | P1      (1)  |       0.220     |      0.264    |     0.170    |
| 761 | 679  |     RandTop      |  mol_h2o: 4 |     -0.466    |    81.590    | P1      (1)  |       0.168     |      0.230    |     0.239    |
| 116 | 680  |     RandTop      |  mol_h2o: 4 |     -0.464    |    81.592    | P1      (1)  |       0.192     |      0.239    |     0.190    |
| 144 | 681  |     Heredity     |  mol_h2o: 4 |     -0.457    |    81.651    | P1      (1)  |       0.188     |      0.225    |     0.168    |
| 405 | 682  |     RandTop      |  mol_h2o: 4 |     -0.451    |    81.592    | P1      (1)  |       0.199     |      0.248    |     0.195    |
|  53 | 683  |     Heredity     |  mol_h2o: 4 |     -0.447    |    81.606    | P1      (1)  |       0.199     |      0.236    |     0.168    |
| 132 | 684  |     Heredity     |  mol_h2o: 4 |     -0.444    |    81.620    | P1      (1)  |       0.153     |      0.210    |     0.239    |
|  81 | 685  |     Heredity     |  mol_h2o: 4 |     -0.435    |    81.606    | P1      (1)  |       0.156     |      0.209    |     0.227    |
| 307 | 686  |     RandTop      |  mol_h2o: 4 |     -0.431    |    81.596    | P1      (1)  |       0.175     |      0.229    |     0.217    |
| 826 | 687  |     RandTop      |  mol_h2o: 4 |     -0.430    |    81.630    | P1      (1)  |       0.214     |      0.243    |     0.129    |
| 631 | 688  |     RandTop      |  mol_h2o: 4 |     -0.429    |    81.596    | P1      (1)  |       0.150     |      0.209    |     0.244    |
| 111 | 689  |     Heredity     |  mol_h2o: 4 |     -0.427    |    81.612    | P1      (1)  |       0.187     |      0.222    |     0.154    |
| 239 | 690  |     RandTop      |  mol_h2o: 4 |     -0.416    |    81.617    | P1      (1)  |       0.282     |      0.318    |     0.126    |
|  14 | 691  |     RandTop      |  mol_h2o: 4 |     -0.416    |    81.586    | P1      (1)  |       0.153     |      0.200    |     0.212    |
| 501 | 692  |     Heredity     |  mol_h2o: 4 |     -0.415    |    81.595    | P1      (1)  |       0.178     |      0.224    |     0.196    |
| 100 | 693  |     Heredity     |  mol_h2o: 4 |     -0.390    |    81.621    | P1      (1)  |       0.173     |      0.222    |     0.210    |
| 506 | 694  |     RandSym      |  mol_h2o: 4 |     -0.380    |    81.622    | Pm      (6)  |       0.215     |      0.250    |     0.131    |
| 309 | 695  |     RandSym      |  mol_h2o: 4 |     -0.380    |    81.598    | P1      (1)  |       0.159     |      0.212    |     0.227    |
| 143 | 696  |     Heredity     |  mol_h2o: 4 |     -0.372    |    81.604    | P1      (1)  |       0.152     |      0.210    |     0.234    |
|  54 | 697  |     RandTop      |  mol_h2o: 4 |     -0.365    |    81.624    | P1      (1)  |       0.191     |      0.242    |     0.210    |
| 407 | 698  |     RandSym      |  mol_h2o: 4 |     -0.358    |    81.592    | P1      (1)  |       0.185     |      0.216    |     0.144    |
| 535 | 699  |     RandTop      |  mol_h2o: 4 |     -0.343    |    81.596    | P1      (1)  |       0.148     |      0.195    |     0.218    |
| 179 | 700  |     RandSym      |  mol_h2o: 4 |     -0.340    |    81.619    | P1      (1)  |       0.203     |      0.250    |     0.201    |
|  56 | 701  |     RandTop      |  mol_h2o: 4 |     -0.333    |    81.585    | P1      (1)  |       0.214     |      0.252    |     0.161    |
| 824 | 702  |     RandTop      |  mol_h2o: 4 |     -0.332    |    81.626    | P1      (1)  |       0.171     |      0.231    |     0.231    |
| 666 | 703  |     RandSym      |  mol_h2o: 4 |     -0.325    |    81.602    | P1      (1)  |       0.164     |      0.213    |     0.210    |
| 273 | 704  |     RandTop      |  mol_h2o: 4 |     -0.324    |    81.590    | P1      (1)  |       0.183     |      0.233    |     0.210    |
| 502 | 705  |     RandTop      |  mol_h2o: 4 |     -0.321    |    81.586    | P1      (1)  |       0.140     |      0.192    |     0.233    |
| 629 | 706  |     RandTop      |  mol_h2o: 4 |     -0.316    |    81.596    | P1      (1)  |       0.184     |      0.236    |     0.210    |
| 242 | 707  |     RandSym      |  mol_h2o: 4 |     -0.304    |    81.607    | P1      (1)  |       0.243     |      0.269    |     0.090    |
| 630 | 708  |     RandTop      |  mol_h2o: 4 |     -0.286    |    81.632    | P1      (1)  |       0.229     |      0.280    |     0.178    |
| 859 | 709  |     RandTop      |  mol_h2o: 4 |     -0.243    |    81.617    | P1      (1)  |       0.170     |      0.232    |     0.234    |
| 209 | 710  |     RandTop      |  mol_h2o: 4 |     -0.218    |    81.616    | P1      (1)  |       0.168     |      0.220    |     0.216    |
| 375 | 711  |     RandSym      |  mol_h2o: 4 |     -0.205    |    81.618    | P1      (1)  |       0.177     |      0.237    |     0.239    |
| 539 | 712  |     RandSym      |  mol_h2o: 4 |     -0.195    |    81.616    | P1      (1)  |       0.154     |      0.213    |     0.243    |
|  1  | 713  |     RandTop      |  mol_h2o: 4 |     -0.176    |    81.585    | P1      (1)  |       0.234     |      0.259    |     0.123    |
| 190 | 714  |     Heredity     |  mol_h2o: 4 |     -0.168    |    81.600    | P1      (1)  |       0.159     |      0.212    |     0.226    |
| 206 | 715  |     Heredity     |  mol_h2o: 4 |     -0.156    |    81.641    | P1      (1)  |       0.164     |      0.223    |     0.233    |
| 276 | 716  |     RandSym      |  mol_h2o: 4 |     -0.154    |    81.593    | P1      (1)  |       0.174     |      0.227    |     0.223    |
| 371 | 717  |     RandTop      |  mol_h2o: 4 |     -0.149    |    81.634    | P1      (1)  |       0.195     |      0.245    |     0.213    |
| 597 | 718  |     RandTop      |  mol_h2o: 4 |     -0.147    |    81.585    | P1      (1)  |       0.248     |      0.271    |     0.110    |
| 561 | 719  |     Heredity     |  mol_h2o: 4 |     -0.146    |    81.612    | P1      (1)  |       0.160     |      0.216    |     0.230    |
| 240 | 720  |     RandTop      |  mol_h2o: 4 |     -0.132    |    81.618    | P1      (1)  |       0.190     |      0.245    |     0.218    |
|  13 | 721  |     RandTop      |  mol_h2o: 4 |     -0.126    |    81.595    | P1      (1)  |       0.168     |      0.226    |     0.232    |
| 227 | 722  |     Heredity     |  mol_h2o: 4 |     -0.098    |    81.622    | P1      (1)  |       0.163     |      0.225    |     0.242    |
| 178 | 723  |     RandTop      |  mol_h2o: 4 |     -0.093    |    81.619    | P1      (1)  |       0.154     |      0.209    |     0.227    |
| 150 | 724  |     RandSym      |  mol_h2o: 4 |     -0.075    |    81.621    | P1      (1)  |       0.211     |      0.229    |     0.087    |
|  44 | 725  |     Heredity     |  mol_h2o: 4 |     -0.066    |    81.604    | P1      (1)  |       0.199     |      0.238    |     0.163    |
|  15 | 726  |     RandSym      |  mol_h2o: 4 |     -0.047    |    81.596    | C2      (5)  |       0.237     |      0.257    |     0.086    |
|  18 | 727  |     RandSym      |  mol_h2o: 4 |     -0.043    |    81.593    | P1      (1)  |       0.181     |      0.245    |     0.231    |
|  0  | 728  |     RandTop      |  mol_h2o: 4 |     -0.004    |    81.608    | P1      (1)  |       0.154     |      0.190    |     0.182    |
| 133 | 729  |     Heredity     |  mol_h2o: 4 |      0.036    |    81.619    | P1      (1)  |       0.167     |      0.216    |     0.211    |
| 729 | 730  |     RandSym      |  mol_h2o: 4 |      0.037    |    81.614    | P1      (1)  |       0.177     |      0.243    |     0.252    |
| 796 | 731  |     RandSym      |  mol_h2o: 4 |      0.063    |    81.598    | P1      (1)  |       0.169     |      0.220    |     0.215    |
| 828 | 732  |     RandSym      |  mol_h2o: 4 |      0.082    |    81.616    | P1      (1)  |       0.179     |      0.223    |     0.186    |
|  79 | 733  |     Heredity     |  mol_h2o: 4 |      0.113    |    81.612    | P1      (1)  |       0.170     |      0.201    |     0.153    |
| 142 | 734  |     Heredity     |  mol_h2o: 4 |      0.128    |    81.613    | P1      (1)  |       0.152     |      0.202    |     0.224    |
|  88 | 735  |     RandSym      |  mol_h2o: 4 |      0.142    |    81.626    | P1      (1)  |       0.251     |      0.276    |     0.110    |
| 794 | 736  |     RandSym      |  mol_h2o: 4 |      0.144    |    81.613    | P1      (1)  |       0.187     |      0.243    |     0.222    |
| 601 | 737  |     RandSym      |  mol_h2o: 4 |      0.167    |    81.609    | P1      (1)  |       0.156     |      0.213    |     0.232    |
| 210 | 738  |     RandSym      |  mol_h2o: 4 |      0.206    |    81.625    | P1      (1)  |       0.195     |      0.246    |     0.201    |
| 699 | 739  |     RandSym      |  mol_h2o: 4 |      0.209    |    81.596    | P1      (1)  |       0.214     |      0.239    |     0.114    |
| 160 | 740  |     Heredity     |  mol_h2o: 4 |      0.215    |    81.617    | P1      (1)  |       0.204     |      0.244    |     0.183    |
| 340 | 741  |     RandSym      |  mol_h2o: 4 |      0.228    |    81.619    | P1      (1)  |       0.231     |      0.264    |     0.133    |
|  2  | 742  |     RandTop      |  mol_h2o: 4 |      0.229    |    81.580    | P1      (1)  |       0.237     |      0.264    |     0.133    |
| 568 | 743  |     RandSym      |  mol_h2o: 4 |      0.232    |    81.619    | P1      (1)  |       0.228     |      0.259    |     0.154    |
| 600 | 744  |     RandSym      |  mol_h2o: 4 |      0.260    |    81.630    | P1      (1)  |       0.180     |      0.236    |     0.227    |
| 860 | 745  |     RandSym      |  mol_h2o: 4 |      0.261    |    81.616    | P1      (1)  |       0.187     |      0.238    |     0.198    |
| 892 | 746  |     RandSym      |  mol_h2o: 4 |      0.290    |    81.583    | P1      (1)  |       0.187     |      0.233    |     0.199    |
| 762 | 747  |     RandSym      |  mol_h2o: 4 |      0.318    |    81.619    | P1      (1)  |       0.283     |      0.301    |     0.074    |
|  87 | 748  |     RandTop      |  mol_h2o: 4 |      0.362    |    81.587    | P1      (1)  |       0.181     |      0.235    |     0.223    |
| 507 | 749  |     RandSym      |  mol_h2o: 4 |      0.418    |    81.615    | P1      (1)  |       0.169     |      0.232    |     0.237    |
| 621 | 750  |     Heredity     |  mol_h2o: 4 |      0.428    |    81.577    | P1      (1)  |       0.167     |      0.217    |     0.216    |
|  57 | 751  |     RandSym      |  mol_h2o: 4 |      0.431    |    81.600    | P1      (1)  |       0.238     |      0.278    |     0.150    |
|  42 | 752  |     Heredity     |  mol_h2o: 4 |      0.439    |    81.643    | P1      (1)  |       0.210     |      0.254    |     0.193    |
| 118 | 753  |     RandTop      |  mol_h2o: 4 |      0.460    |    81.604    | P1      (1)  |       0.185     |      0.226    |     0.178    |
|  17 | 754  |     RandSym      |  mol_h2o: 4 |      0.632    |    81.610    | P1      (1)  |       0.153     |      0.191    |     0.189    |
| 698 | 755  |     RandSym      |  mol_h2o: 4 |      0.708    |    81.628    | P1      (1)  |       0.189     |      0.226    |     0.169    |
| 598 | 756  |     RandTop      |  mol_h2o: 4 |      0.879    |    81.599    | P1      (1)  |       0.220     |      0.268    |     0.204    |
|  5  | 757  |     RandTop      |  mol_h2o: 4 |      0.946    |    81.602    | P1      (1)  |       0.232     |      0.266    |     0.145    |
| 373 | 758  |     RandSym      |  mol_h2o: 4 |      0.964    |    81.616    | P1      (1)  |       0.201     |      0.249    |     0.197    |
| 663 | 759  |     RandTop      |  mol_h2o: 4 |      1.009    |    81.599    | P1      (1)  |       0.197     |      0.243    |     0.202    |
| 695 | 760  |     RandTop      |  mol_h2o: 4 |      1.184    |    81.613    | P1      (1)  |       0.216     |      0.242    |     0.128    |
| 471 | 761  |     RandTop      |  mol_h2o: 4 |      9.196    |    81.621    | P1      (1)  |       0.193     |      0.239    |     0.183    |
+-----+------+------------------+-------------+---------------+--------------+--------------+-----------------+---------------+--------------+
